﻿<?xml version="1.0" encoding="utf-8"?>
<TextureAtlas imagePath="AGOTI.png">
	<!-- Created with Adobe Animate version 21.0.0.35450 -->
	<!-- http://www.adobe.com/products/animate.html -->
	<SubTexture name="Agoti_Down0000" x="0" y="0" width="603" height="655"/>
	<SubTexture name="Agoti_Down0001" x="603" y="0" width="603" height="655"/>
	<SubTexture name="Agoti_Down0002" x="603" y="0" width="603" height="655"/>
	<SubTexture name="Agoti_Down0003" x="1206" y="0" width="603" height="655"/>
	<SubTexture name="Agoti_Down0004" x="1206" y="0" width="603" height="655"/>
	<SubTexture name="Agoti_Down0005" x="1809" y="0" width="603" height="655"/>
	<SubTexture name="Agoti_Down0006" x="1809" y="0" width="603" height="655"/>
	<SubTexture name="Agoti_Down0007" x="2412" y="0" width="603" height="655"/>
	<SubTexture name="Agoti_Down0008" x="2412" y="0" width="603" height="655"/>
	<SubTexture name="Agoti_Down0009" x="2412" y="0" width="603" height="655"/>
	<SubTexture name="Agoti_Down0010" x="2412" y="0" width="603" height="655"/>
	<SubTexture name="Agoti_Down0011" x="2412" y="0" width="603" height="655"/>
	<SubTexture name="Agoti_Down0012" x="2412" y="0" width="603" height="655"/>
	<SubTexture name="Agoti_Down0013" x="2412" y="0" width="603" height="655"/>
	<SubTexture name="Agoti_Down0014" x="2412" y="0" width="603" height="655"/>
	<SubTexture name="Agoti_Idle0000" x="3015" y="0" width="466" height="851"/>
	<SubTexture name="Agoti_Idle0001" x="3015" y="0" width="466" height="851"/>
	<SubTexture name="Agoti_Idle0002" x="3481" y="0" width="466" height="851"/>
	<SubTexture name="Agoti_Idle0003" x="3481" y="0" width="466" height="851"/>
	<SubTexture name="Agoti_Idle0004" x="3947" y="0" width="466" height="851"/>
	<SubTexture name="Agoti_Idle0005" x="3947" y="0" width="466" height="851"/>
	<SubTexture name="Agoti_Idle0006" x="4413" y="0" width="466" height="851"/>
	<SubTexture name="Agoti_Idle0007" x="4413" y="0" width="466" height="851"/>
	<SubTexture name="Agoti_Idle0008" x="4879" y="0" width="466" height="851"/>
	<SubTexture name="Agoti_Idle0009" x="4879" y="0" width="466" height="851"/>
	<SubTexture name="Agoti_Idle0010" x="4879" y="0" width="466" height="851"/>
	<SubTexture name="Agoti_Idle0011" x="4879" y="0" width="466" height="851"/>
	<SubTexture name="Agoti_Idle0012" x="4879" y="0" width="466" height="851"/>
	<SubTexture name="Agoti_Idle0013" x="4879" y="0" width="466" height="851"/>
	<SubTexture name="Agoti_Left0000" x="5345" y="0" width="809" height="882"/>
	<SubTexture name="Agoti_Left0001" x="6154" y="0" width="809" height="882"/>
	<SubTexture name="Agoti_Left0002" x="6154" y="0" width="809" height="882"/>
	<SubTexture name="Agoti_Left0003" x="6963" y="0" width="809" height="882"/>
	<SubTexture name="Agoti_Left0004" x="6963" y="0" width="809" height="882"/>
	<SubTexture name="Agoti_Left0005" x="0" y="882" width="809" height="882"/>
	<SubTexture name="Agoti_Left0006" x="0" y="882" width="809" height="882"/>
	<SubTexture name="Agoti_Left0007" x="0" y="882" width="809" height="882"/>
	<SubTexture name="Agoti_Left0008" x="0" y="882" width="809" height="882"/>
	<SubTexture name="Agoti_Left0009" x="0" y="882" width="809" height="882"/>
	<SubTexture name="Agoti_Left0010" x="0" y="882" width="809" height="882"/>
	<SubTexture name="Agoti_Left0011" x="0" y="882" width="809" height="882"/>
	<SubTexture name="Agoti_Left0012" x="0" y="882" width="809" height="882"/>
	<SubTexture name="Agoti_Left0013" x="0" y="882" width="809" height="882"/>
	<SubTexture name="Agoti_Left0014" x="0" y="882" width="809" height="882"/>
	<SubTexture name="Agoti_Right0000" x="809" y="882" width="794" height="805"/>
	<SubTexture name="Agoti_Right0001" x="1603" y="882" width="794" height="805"/>
	<SubTexture name="Agoti_Right0002" x="2397" y="882" width="794" height="805"/>
	<SubTexture name="Agoti_Right0003" x="3191" y="882" width="794" height="805"/>
	<SubTexture name="Agoti_Right0004" x="3985" y="882" width="794" height="805"/>
	<SubTexture name="Agoti_Right0005" x="4779" y="882" width="794" height="805"/>
	<SubTexture name="Agoti_Right0006" x="5573" y="882" width="794" height="805"/>
	<SubTexture name="Agoti_Right0007" x="6367" y="882" width="794" height="805"/>
	<SubTexture name="Agoti_Right0008" x="6367" y="882" width="794" height="805"/>
	<SubTexture name="Agoti_Right0009" x="6367" y="882" width="794" height="805"/>
	<SubTexture name="Agoti_Right0010" x="6367" y="882" width="794" height="805"/>
	<SubTexture name="Agoti_Right0011" x="6367" y="882" width="794" height="805"/>
	<SubTexture name="Agoti_Right0012" x="6367" y="882" width="794" height="805"/>
	<SubTexture name="Agoti_Right0013" x="6367" y="882" width="794" height="805"/>
	<SubTexture name="Agoti_Right0014" x="6367" y="882" width="794" height="805"/>
	<SubTexture name="Agoti_Up0000" x="7161" y="882" width="511" height="927"/>
	<SubTexture name="Agoti_Up0001" x="7672" y="882" width="511" height="927"/>
	<SubTexture name="Agoti_Up0002" x="7672" y="882" width="511" height="927"/>
	<SubTexture name="Agoti_Up0003" x="0" y="1809" width="511" height="927"/>
	<SubTexture name="Agoti_Up0004" x="0" y="1809" width="511" height="927"/>
	<SubTexture name="Agoti_Up0005" x="511" y="1809" width="511" height="927"/>
	<SubTexture name="Agoti_Up0006" x="511" y="1809" width="511" height="927"/>
	<SubTexture name="Agoti_Up0007" x="1022" y="1809" width="511" height="927"/>
	<SubTexture name="Agoti_Up0008" x="1022" y="1809" width="511" height="927"/>
	<SubTexture name="Agoti_Up0009" x="1022" y="1809" width="511" height="927"/>
	<SubTexture name="Agoti_Up0010" x="1022" y="1809" width="511" height="927"/>
	<SubTexture name="Agoti_Up0011" x="1022" y="1809" width="511" height="927"/>
	<SubTexture name="Agoti_Up0012" x="1022" y="1809" width="511" height="927"/>
	<SubTexture name="Agoti_Up0013" x="1022" y="1809" width="511" height="927"/>
	<SubTexture name="Agoti_Up0014" x="1022" y="1809" width="511" height="927"/>
</TextureAtlas>
