﻿<?xml version="1.0" encoding="utf-8"?>
<TextureAtlas imagePath="Annie_Animal.png">
	<!-- Created with Adobe Animate version 20.0.0.17700 -->
	<!-- http://www.adobe.com/products/animate.html -->
	<SubTexture name="Annie Right note0000" x="3096" y="1548" width="500" height="500" frameX="0" frameY="-200" frameWidth="700" frameHeight="1000"/>
	<SubTexture name="Annie Right note0001" x="2596" y="1548" width="500" height="500" frameX="0" frameY="-200" frameWidth="700" frameHeight="1000"/>
	<SubTexture name="Annie Right note0002" x="2596" y="1548" width="500" height="500" frameX="0" frameY="-200" frameWidth="700" frameHeight="1000"/>
	<SubTexture name="Annie Right note0003" x="2096" y="1548" width="500" height="500" frameX="0" frameY="-200" frameWidth="700" frameHeight="1000"/>
	<SubTexture name="Annie Right note0004" x="2096" y="1548" width="500" height="500" frameX="0" frameY="-200" frameWidth="700" frameHeight="1000"/>
	<SubTexture name="Annie Right note0005" x="2096" y="1548" width="500" height="500" frameX="0" frameY="-200" frameWidth="700" frameHeight="1000"/>
	<SubTexture name="Annie Right note0006" x="1596" y="1548" width="500" height="500" frameX="0" frameY="-200" frameWidth="700" frameHeight="1000"/>
	<SubTexture name="Annie Right note0007" x="1596" y="1548" width="500" height="500" frameX="0" frameY="-200" frameWidth="700" frameHeight="1000"/>
	<SubTexture name="Annie Right note0008" x="1596" y="1548" width="500" height="500" frameX="0" frameY="-200" frameWidth="700" frameHeight="1000"/>
	<SubTexture name="Annie Right note0009" x="1596" y="1548" width="500" height="500" frameX="0" frameY="-200" frameWidth="700" frameHeight="1000"/>
	<SubTexture name="Annie Right note0010" x="1596" y="1548" width="500" height="500" frameX="0" frameY="-200" frameWidth="700" frameHeight="1000"/>
	<SubTexture name="Annie Right note0011" x="1596" y="1548" width="500" height="500" frameX="0" frameY="-200" frameWidth="700" frameHeight="1000"/>
	<SubTexture name="Annie Right note0012" x="1596" y="1548" width="500" height="500" frameX="0" frameY="-200" frameWidth="700" frameHeight="1000"/>
	<SubTexture name="Annie Right note0013" x="1596" y="1548" width="500" height="500" frameX="0" frameY="-200" frameWidth="700" frameHeight="1000"/>
	<SubTexture name="Annie Right note0014" x="1596" y="1548" width="500" height="500" frameX="0" frameY="-200" frameWidth="700" frameHeight="1000"/>
	<SubTexture name="Annie left note0000" x="596" y="1048" width="500" height="500" frameX="-10" frameY="-200" frameWidth="700" frameHeight="1000"/>
	<SubTexture name="Annie left note0001" x="596" y="1048" width="500" height="500" frameX="-10" frameY="-200" frameWidth="700" frameHeight="1000"/>
	<SubTexture name="Annie left note0002" x="96" y="1048" width="500" height="500" frameX="-10" frameY="-200" frameWidth="700" frameHeight="1000"/>
	<SubTexture name="Annie left note0003" x="96" y="1048" width="500" height="500" frameX="-10" frameY="-200" frameWidth="700" frameHeight="1000"/>
	<SubTexture name="Annie left note0004" x="96" y="1048" width="500" height="500" frameX="-10" frameY="-200" frameWidth="700" frameHeight="1000"/>
	<SubTexture name="Annie left note0005" x="3596" y="1048" width="500" height="500" frameX="-10" frameY="-200" frameWidth="700" frameHeight="1000"/>
	<SubTexture name="Annie left note0006" x="3596" y="548" width="500" height="500" frameX="-10" frameY="-200" frameWidth="700" frameHeight="1000"/>
	<SubTexture name="Annie left note0007" x="3596" y="548" width="500" height="500" frameX="-10" frameY="-200" frameWidth="700" frameHeight="1000"/>
	<SubTexture name="Annie left note0008" x="3596" y="548" width="500" height="500" frameX="-10" frameY="-200" frameWidth="700" frameHeight="1000"/>
	<SubTexture name="Annie left note0009" x="3596" y="548" width="500" height="500" frameX="-10" frameY="-200" frameWidth="700" frameHeight="1000"/>
	<SubTexture name="Annie left note0010" x="3596" y="548" width="500" height="500" frameX="-10" frameY="-200" frameWidth="700" frameHeight="1000"/>
	<SubTexture name="Annie left note0011" x="3596" y="548" width="500" height="500" frameX="-10" frameY="-200" frameWidth="700" frameHeight="1000"/>
	<SubTexture name="Annie left note0012" x="3596" y="548" width="500" height="500" frameX="-10" frameY="-200" frameWidth="700" frameHeight="1000"/>
	<SubTexture name="Annie left note0013" x="3596" y="548" width="500" height="500" frameX="-10" frameY="-200" frameWidth="700" frameHeight="1000"/>
	<SubTexture name="Annie left note0014" x="3596" y="548" width="500" height="500" frameX="-10" frameY="-200" frameWidth="700" frameHeight="1000"/>
	<SubTexture name="Annie left note0015" x="3596" y="548" width="500" height="500" frameX="-10" frameY="-200" frameWidth="700" frameHeight="1000"/>
	<SubTexture name="Annie left note0016" x="3596" y="548" width="500" height="500" frameX="-10" frameY="-200" frameWidth="700" frameHeight="1000"/>
	<SubTexture name="Annie left note0017" x="3596" y="548" width="500" height="500" frameX="-10" frameY="-200" frameWidth="700" frameHeight="1000"/>
	<SubTexture name="Annie left note0018" x="3596" y="548" width="500" height="500" frameX="-10" frameY="-200" frameWidth="700" frameHeight="1000"/>
	<SubTexture name="Annie left note0019" x="3596" y="548" width="500" height="500" frameX="-10" frameY="-200" frameWidth="700" frameHeight="1000"/>
	<SubTexture name="Annie down0000" x="596" y="1548" width="500" height="500" frameX="-10" frameY="-110" frameWidth="700" frameHeight="1000"/>
	<SubTexture name="Annie down0001" x="596" y="1548" width="500" height="500" frameX="-10" frameY="-110" frameWidth="700" frameHeight="1000"/>
	<SubTexture name="Annie down0002" x="96" y="1548" width="500" height="500" frameX="-10" frameY="-110" frameWidth="700" frameHeight="1000"/>
	<SubTexture name="Annie down0003" x="96" y="1548" width="500" height="500" frameX="-10" frameY="-110" frameWidth="700" frameHeight="1000"/>
	<SubTexture name="Annie down0004" x="96" y="1548" width="500" height="500" frameX="-10" frameY="-110" frameWidth="700" frameHeight="1000"/>
	<SubTexture name="Annie down0005" x="3596" y="1548" width="500" height="500" frameX="-10" frameY="-110" frameWidth="700" frameHeight="1000"/>
	<SubTexture name="Annie down0006" x="3596" y="1048" width="500" height="500" frameX="-10" frameY="-110" frameWidth="700" frameHeight="1000"/>
	<SubTexture name="Annie down0007" x="3596" y="1048" width="500" height="500" frameX="-10" frameY="-110" frameWidth="700" frameHeight="1000"/>
	<SubTexture name="Annie down0008" x="3596" y="1048" width="500" height="500" frameX="-10" frameY="-110" frameWidth="700" frameHeight="1000"/>
	<SubTexture name="Annie down0009" x="3596" y="1048" width="500" height="500" frameX="-10" frameY="-110" frameWidth="700" frameHeight="1000"/>
	<SubTexture name="Annie down0010" x="3596" y="1048" width="500" height="500" frameX="-10" frameY="-110" frameWidth="700" frameHeight="1000"/>
	<SubTexture name="Annie down0011" x="3596" y="1048" width="500" height="500" frameX="-10" frameY="-110" frameWidth="700" frameHeight="1000"/>
	<SubTexture name="Annie down0012" x="3596" y="1048" width="500" height="500" frameX="-10" frameY="-110" frameWidth="700" frameHeight="1000"/>
	<SubTexture name="Annie down0013" x="3596" y="1048" width="500" height="500" frameX="-10" frameY="-110" frameWidth="700" frameHeight="1000"/>
	<SubTexture name="Annie down0014" x="3596" y="1048" width="500" height="500" frameX="-10" frameY="-110" frameWidth="700" frameHeight="1000"/>
	<SubTexture name="Annie down0015" x="3596" y="1048" width="500" height="500" frameX="-10" frameY="-110" frameWidth="700" frameHeight="1000"/>
	<SubTexture name="Annie down0016" x="3596" y="1048" width="500" height="500" frameX="-10" frameY="-110" frameWidth="700" frameHeight="1000"/>
	<SubTexture name="Annie down0017" x="3596" y="1048" width="500" height="500" frameX="-10" frameY="-110" frameWidth="700" frameHeight="1000"/>
	<SubTexture name="Annie down0018" x="3596" y="1048" width="500" height="500" frameX="-10" frameY="-110" frameWidth="700" frameHeight="1000"/>
	<SubTexture name="Annie down0019" x="3596" y="1048" width="500" height="500" frameX="-10" frameY="-110" frameWidth="700" frameHeight="1000"/>
	<SubTexture name="Annie down0020" x="3596" y="1048" width="500" height="500" frameX="-10" frameY="-110" frameWidth="700" frameHeight="1000"/>
	<SubTexture name="Annie down0021" x="3596" y="1048" width="500" height="500" frameX="-10" frameY="-110" frameWidth="700" frameHeight="1000"/>
	<SubTexture name="Annie down0022" x="3596" y="1048" width="500" height="500" frameX="-10" frameY="-110" frameWidth="700" frameHeight="1000"/>
	<SubTexture name="Annie down0023" x="3596" y="1048" width="500" height="500" frameX="-10" frameY="-110" frameWidth="700" frameHeight="1000"/>
	<SubTexture name="Annie down0024" x="3596" y="1048" width="500" height="500" frameX="-10" frameY="-110" frameWidth="700" frameHeight="1000"/>
	<SubTexture name="Annie down0025" x="3596" y="1048" width="500" height="500" frameX="-10" frameY="-110" frameWidth="700" frameHeight="1000"/>
	<SubTexture name="Annie down0026" x="3596" y="1048" width="500" height="500" frameX="-10" frameY="-110" frameWidth="700" frameHeight="1000"/>
	<SubTexture name="Annie down0027" x="3596" y="1048" width="500" height="500" frameX="-10" frameY="-110" frameWidth="700" frameHeight="1000"/>
	<SubTexture name="Annie down0028" x="3596" y="1048" width="500" height="500" frameX="-10" frameY="-110" frameWidth="700" frameHeight="1000"/>
	<SubTexture name="Annie down0029" x="3596" y="1048" width="500" height="500" frameX="-10" frameY="-110" frameWidth="700" frameHeight="1000"/>
	<SubTexture name="Annie idle0000" x="3096" y="548" width="500" height="500" frameX="-50" frameY="-200" frameWidth="700" frameHeight="1000"/>
	<SubTexture name="Annie idle0001" x="3096" y="548" width="500" height="500" frameX="-50" frameY="-200" frameWidth="700" frameHeight="1000"/>
	<SubTexture name="Annie idle0002" x="2596" y="548" width="500" height="500" frameX="-50" frameY="-200" frameWidth="700" frameHeight="1000"/>
	<SubTexture name="Annie idle0003" x="2596" y="548" width="500" height="500" frameX="-50" frameY="-200" frameWidth="700" frameHeight="1000"/>
	<SubTexture name="Annie idle0004" x="2096" y="548" width="500" height="500" frameX="-50" frameY="-200" frameWidth="700" frameHeight="1000"/>
	<SubTexture name="Annie idle0005" x="2096" y="548" width="500" height="500" frameX="-50" frameY="-200" frameWidth="700" frameHeight="1000"/>
	<SubTexture name="Annie idle0006" x="1596" y="548" width="500" height="500" frameX="-50" frameY="-200" frameWidth="700" frameHeight="1000"/>
	<SubTexture name="Annie idle0007" x="1596" y="548" width="500" height="500" frameX="-50" frameY="-200" frameWidth="700" frameHeight="1000"/>
	<SubTexture name="Annie idle0008" x="1096" y="548" width="500" height="500" frameX="-50" frameY="-200" frameWidth="700" frameHeight="1000"/>
	<SubTexture name="Annie idle0009" x="1096" y="548" width="500" height="500" frameX="-50" frameY="-200" frameWidth="700" frameHeight="1000"/>
	<SubTexture name="Annie idle0010" x="596" y="548" width="500" height="500" frameX="-50" frameY="-200" frameWidth="700" frameHeight="1000"/>
	<SubTexture name="Annie idle0011" x="596" y="548" width="500" height="500" frameX="-50" frameY="-200" frameWidth="700" frameHeight="1000"/>
	<SubTexture name="Annie idle0012" x="96" y="548" width="500" height="500" frameX="-50" frameY="-200" frameWidth="700" frameHeight="1000"/>
	<SubTexture name="Annie idle0013" x="96" y="548" width="500" height="500" frameX="-50" frameY="-200" frameWidth="700" frameHeight="1000"/>
	<SubTexture name="Annie idle0014" x="96" y="548" width="500" height="500" frameX="-50" frameY="-200" frameWidth="700" frameHeight="1000"/>
	<SubTexture name="Annie up note0000" x="2596" y="1048" width="500" height="500" frameX="-30" frameY="-250" frameWidth="700" frameHeight="1000"/>
	<SubTexture name="Annie up note0001" x="2596" y="1048" width="500" height="500" frameX="-30" frameY="-250" frameWidth="700" frameHeight="1000"/>
	<SubTexture name="Annie up note0002" x="2096" y="1048" width="500" height="500" frameX="-30" frameY="-250" frameWidth="700" frameHeight="1000"/>
	<SubTexture name="Annie up note0003" x="2096" y="1048" width="500" height="500" frameX="-30" frameY="-250" frameWidth="700" frameHeight="1000"/>
	<SubTexture name="Annie up note0004" x="2096" y="1048" width="500" height="500" frameX="-30" frameY="-250" frameWidth="700" frameHeight="1000"/>
	<SubTexture name="Annie up note0005" x="1596" y="1048" width="500" height="500" frameX="-30" frameY="-250" frameWidth="700" frameHeight="1000"/>
	<SubTexture name="Annie up note0006" x="1596" y="1048" width="500" height="500" frameX="-30" frameY="-250" frameWidth="700" frameHeight="1000"/>
	<SubTexture name="Annie up note0007" x="1596" y="1048" width="500" height="500" frameX="-30" frameY="-250" frameWidth="700" frameHeight="1000"/>
	<SubTexture name="Annie up note0008" x="1596" y="1048" width="500" height="500" frameX="-30" frameY="-250" frameWidth="700" frameHeight="1000"/>
	<SubTexture name="Annie up note0009" x="1596" y="1048" width="500" height="500" frameX="-30" frameY="-250" frameWidth="700" frameHeight="1000"/>
	<SubTexture name="Annie up note0010" x="1596" y="1048" width="500" height="500" frameX="-30" frameY="-250" frameWidth="700" frameHeight="1000"/>
	<SubTexture name="Annie up note0011" x="1596" y="1048" width="500" height="500" frameX="-30" frameY="-250" frameWidth="700" frameHeight="1000"/>
	<SubTexture name="Annie up note0012" x="1596" y="1048" width="500" height="500" frameX="-30" frameY="-250" frameWidth="700" frameHeight="1000"/>
	<SubTexture name="Annie up note0013" x="1596" y="1048" width="500" height="500" frameX="-30" frameY="-250" frameWidth="700" frameHeight="1000"/>
	<SubTexture name="Annie up note0014" x="1596" y="1048" width="500" height="500" frameX="-30" frameY="-250" frameWidth="700" frameHeight="1000"/>
	<SubTexture name="Annie up note0015" x="1596" y="1048" width="500" height="500" frameX="-30" frameY="-250" frameWidth="700" frameHeight="1000"/>
	<SubTexture name="Annie up note0016" x="1596" y="1048" width="500" height="500" frameX="-30" frameY="-250" frameWidth="700" frameHeight="1000"/>
	<SubTexture name="Annie up note0017" x="1596" y="1048" width="500" height="500" frameX="-30" frameY="-250" frameWidth="700" frameHeight="1000"/>
	<SubTexture name="Annie up note0018" x="1596" y="1048" width="500" height="500" frameX="-30" frameY="-250" frameWidth="700" frameHeight="1000"/>
	<SubTexture name="Annie up note0019" x="1596" y="1048" width="500" height="500" frameX="-30" frameY="-250" frameWidth="700" frameHeight="1000"/>
	<SubTexture name="Annie up note0020" x="1596" y="1048" width="500" height="500" frameX="-30" frameY="-250" frameWidth="700" frameHeight="1000"/>
	<SubTexture name="Annie up note0021" x="1596" y="1048" width="500" height="500" frameX="-30" frameY="-250" frameWidth="700" frameHeight="1000"/>
	<SubTexture name="Annie up note0022" x="1596" y="1048" width="500" height="500" frameX="-30" frameY="-250" frameWidth="700" frameHeight="1000"/>
	<SubTexture name="Annie up note0023" x="1596" y="1048" width="500" height="500" frameX="-30" frameY="-250" frameWidth="700" frameHeight="1000"/>
</TextureAtlas>
