﻿<?xml version="1.0" encoding="utf-8"?>
<TextureAtlas imagePath="frisk.png">
	<!-- Created with Adobe Animate version 20.0.0.17400 -->
	<!-- http://www.adobe.com/products/animate.html -->
	<SubTexture name="BF NOTE DOWN0000" x="0" y="0" width="347" height="416" frameX="-12" frameY="0" frameWidth="374" frameHeight="367"/>
	<SubTexture name="BF NOTE DOWN0001" x="0" y="0" width="347" height="416" frameX="-12" frameY="0" frameWidth="374" frameHeight="367"/>
	<SubTexture name="BF NOTE DOWN0002" x="348" y="0" width="363" height="416" frameX="0" frameY="0" frameWidth="374" frameHeight="367"/>
	<SubTexture name="BF NOTE DOWN0003" x="348" y="0" width="363" height="416" frameX="0" frameY="0" frameWidth="374" frameHeight="367"/>
	<SubTexture name="BF NOTE DOWN0004" x="348" y="0" width="363" height="416" frameX="0" frameY="0" frameWidth="374" frameHeight="367"/>
	<SubTexture name="BF NOTE DOWN0005" x="348" y="0" width="363" height="416" frameX="0" frameY="0" frameWidth="374" frameHeight="367"/>
	<SubTexture name="BF NOTE DOWN0006" x="348" y="0" width="363" height="416" frameX="0" frameY="0" frameWidth="374" frameHeight="367"/>
	<SubTexture name="BF NOTE DOWN0007" x="348" y="0" width="363" height="416" frameX="0" frameY="0" frameWidth="374" frameHeight="367"/>
	<SubTexture name="BF NOTE DOWN0008" x="348" y="0" width="363" height="416" frameX="0" frameY="0" frameWidth="374" frameHeight="367"/>
	<SubTexture name="BF NOTE DOWN0009" x="348" y="0" width="363" height="416" frameX="0" frameY="0" frameWidth="374" frameHeight="367"/>
	<SubTexture name="BF NOTE DOWN0010" x="348" y="0" width="363" height="416" frameX="0" frameY="0" frameWidth="374" frameHeight="367"/>
	<SubTexture name="BF NOTE DOWN0011" x="348" y="0" width="363" height="416" frameX="0" frameY="0" frameWidth="374" frameHeight="367"/>
	<SubTexture name="BF NOTE DOWN0012" x="348" y="0" width="363" height="416" frameX="0" frameY="0" frameWidth="374" frameHeight="367"/>
	<SubTexture name="BF NOTE DOWN0013" x="348" y="0" width="363" height="416" frameX="0" frameY="0" frameWidth="374" frameHeight="367"/>
	<SubTexture name="BF NOTE DOWN0014" x="348" y="0" width="363" height="416" frameX="0" frameY="0" frameWidth="374" frameHeight="367"/>
	<SubTexture name="BF NOTE DOWN0015" x="348" y="0" width="363" height="416" frameX="0" frameY="0" frameWidth="374" frameHeight="367"/>
	<SubTexture name="BF NOTE DOWN0016" x="348" y="0" width="363" height="416" frameX="0" frameY="0" frameWidth="374" frameHeight="367"/>
	<SubTexture name="BF NOTE DOWN0017" x="348" y="0" width="363" height="416" frameX="0" frameY="0" frameWidth="374" frameHeight="367"/>
	<SubTexture name="BF NOTE DOWN0018" x="348" y="0" width="363" height="416" frameX="0" frameY="0" frameWidth="374" frameHeight="367"/>
	<SubTexture name="BF NOTE DOWN0019" x="348" y="0" width="363" height="416" frameX="0" frameY="0" frameWidth="374" frameHeight="367"/>
	<SubTexture name="BF NOTE DOWN0020" x="348" y="0" width="363" height="416" frameX="0" frameY="0" frameWidth="374" frameHeight="367"/>
	<SubTexture name="BF NOTE DOWN0021" x="348" y="0" width="363" height="416" frameX="0" frameY="0" frameWidth="374" frameHeight="367"/>
	<SubTexture name="BF NOTE DOWN0022" x="348" y="0" width="363" height="416" frameX="0" frameY="0" frameWidth="374" frameHeight="367"/>
	<SubTexture name="BF NOTE DOWN0023" x="348" y="0" width="363" height="416" frameX="0" frameY="0" frameWidth="374" frameHeight="367"/>
	<SubTexture name="BF NOTE DOWN0024" x="348" y="0" width="363" height="416" frameX="0" frameY="0" frameWidth="374" frameHeight="367"/>
	<SubTexture name="BF NOTE DOWN0025" x="348" y="0" width="363" height="416" frameX="0" frameY="0" frameWidth="374" frameHeight="367"/>
	<SubTexture name="BF NOTE DOWN0026" x="348" y="0" width="363" height="416" frameX="0" frameY="0" frameWidth="374" frameHeight="367"/>
	<SubTexture name="BF NOTE DOWN0027" x="348" y="0" width="363" height="416" frameX="0" frameY="0" frameWidth="374" frameHeight="367"/>
	<SubTexture name="BF NOTE DOWN0028" x="348" y="0" width="363" height="416" frameX="0" frameY="0" frameWidth="374" frameHeight="367"/>
	<SubTexture name="BF NOTE DOWN0029" x="348" y="0" width="363" height="416" frameX="0" frameY="0" frameWidth="374" frameHeight="367"/>
	<SubTexture name="BF NOTE DOWN MISS0000" x="0" y="0" width="347" height="416" frameX="-4" frameY="0" frameWidth="374" frameHeight="367"/>
	<SubTexture name="BF NOTE DOWN MISS0001" x="712" y="0" width="360" height="416" frameX="0" frameY="0" frameWidth="381" frameHeight="393"/>
	<SubTexture name="BF NOTE DOWN MISS0002" x="1073" y="0" width="360" height="416" frameX="0" frameY="0" frameWidth="381" frameHeight="393"/>
	<SubTexture name="BF NOTE DOWN MISS0003" x="1073" y="0" width="360" height="416" frameX="0" frameY="0" frameWidth="381" frameHeight="393"/>
	<SubTexture name="BF NOTE DOWN MISS0004" x="1073" y="0" width="360" height="416" frameX="0" frameY="0" frameWidth="381" frameHeight="393"/>
	<SubTexture name="BF NOTE DOWN MISS0005" x="1073" y="0" width="360" height="416" frameX="0" frameY="0" frameWidth="381" frameHeight="393"/>
	<SubTexture name="BF NOTE DOWN MISS0006" x="1073" y="0" width="360" height="416" frameX="0" frameY="0" frameWidth="381" frameHeight="393"/>
	<SubTexture name="BF NOTE DOWN MISS0007" x="1073" y="0" width="360" height="416" frameX="0" frameY="0" frameWidth="381" frameHeight="393"/>
	<SubTexture name="BF NOTE DOWN MISS0008" x="1073" y="0" width="360" height="416" frameX="0" frameY="0" frameWidth="381" frameHeight="393"/>
	<SubTexture name="BF NOTE DOWN MISS0009" x="1073" y="0" width="360" height="416" frameX="0" frameY="0" frameWidth="381" frameHeight="393"/>
	<SubTexture name="BF NOTE DOWN MISS0010" x="1073" y="0" width="360" height="416" frameX="0" frameY="0" frameWidth="381" frameHeight="393"/>
	<SubTexture name="BF NOTE DOWN MISS0011" x="1073" y="0" width="360" height="416" frameX="0" frameY="0" frameWidth="381" frameHeight="393"/>
	<SubTexture name="BF NOTE DOWN MISS0012" x="1073" y="0" width="360" height="416" frameX="0" frameY="0" frameWidth="381" frameHeight="393"/>
	<SubTexture name="BF NOTE DOWN MISS0013" x="1073" y="0" width="360" height="416" frameX="0" frameY="0" frameWidth="381" frameHeight="393"/>
	<SubTexture name="BF NOTE DOWN MISS0014" x="1073" y="0" width="360" height="416" frameX="0" frameY="0" frameWidth="381" frameHeight="393"/>
	<SubTexture name="BF NOTE DOWN MISS0015" x="1073" y="0" width="360" height="416" frameX="0" frameY="0" frameWidth="381" frameHeight="393"/>
	<SubTexture name="BF NOTE DOWN MISS0016" x="1073" y="0" width="360" height="416" frameX="0" frameY="0" frameWidth="381" frameHeight="393"/>
	<SubTexture name="BF NOTE DOWN MISS0017" x="1073" y="0" width="360" height="416" frameX="0" frameY="0" frameWidth="381" frameHeight="393"/>
	<SubTexture name="BF NOTE DOWN MISS0018" x="1073" y="0" width="360" height="416" frameX="0" frameY="0" frameWidth="381" frameHeight="393"/>
	<SubTexture name="BF NOTE DOWN MISS0019" x="1073" y="0" width="360" height="416" frameX="0" frameY="0" frameWidth="381" frameHeight="393"/>
	<SubTexture name="BF NOTE DOWN MISS0020" x="1073" y="0" width="360" height="416" frameX="0" frameY="0" frameWidth="381" frameHeight="393"/>
	<SubTexture name="BF NOTE DOWN MISS0021" x="1073" y="0" width="360" height="416" frameX="0" frameY="0" frameWidth="381" frameHeight="393"/>
	<SubTexture name="BF NOTE DOWN MISS0022" x="1073" y="0" width="360" height="416" frameX="0" frameY="0" frameWidth="381" frameHeight="393"/>
	<SubTexture name="BF NOTE DOWN MISS0023" x="1073" y="0" width="360" height="416" frameX="0" frameY="0" frameWidth="381" frameHeight="393"/>
	<SubTexture name="BF NOTE DOWN MISS0024" x="1073" y="0" width="360" height="416" frameX="0" frameY="0" frameWidth="381" frameHeight="393"/>
	<SubTexture name="BF NOTE DOWN MISS0025" x="1073" y="0" width="360" height="416" frameX="0" frameY="0" frameWidth="381" frameHeight="393"/>
	<SubTexture name="BF NOTE DOWN MISS0026" x="1073" y="0" width="360" height="416" frameX="0" frameY="0" frameWidth="381" frameHeight="393"/>
	<SubTexture name="BF NOTE DOWN MISS0027" x="1073" y="0" width="360" height="416" frameX="0" frameY="0" frameWidth="381" frameHeight="393"/>
	<SubTexture name="BF NOTE DOWN MISS0028" x="1073" y="0" width="360" height="416" frameX="0" frameY="0" frameWidth="381" frameHeight="393"/>
	<SubTexture name="BF NOTE LEFT0000" x="1434" y="0" width="425" height="416" frameX="0" frameY="0" frameWidth="426" frameHeight="406"/>
	<SubTexture name="BF NOTE LEFT0001" x="1434" y="0" width="425" height="416" frameX="0" frameY="0" frameWidth="426" frameHeight="406"/>
	<SubTexture name="BF NOTE LEFT0002" x="1860" y="0" width="423" height="416" frameX="0" frameY="0" frameWidth="426" frameHeight="406"/>
	<SubTexture name="BF NOTE LEFT0003" x="1860" y="0" width="423" height="416" frameX="0" frameY="0" frameWidth="426" frameHeight="406"/>
	<SubTexture name="BF NOTE LEFT0004" x="1860" y="0" width="423" height="416" frameX="0" frameY="0" frameWidth="426" frameHeight="406"/>
	<SubTexture name="BF NOTE LEFT0005" x="1860" y="0" width="423" height="416" frameX="0" frameY="0" frameWidth="426" frameHeight="406"/>
	<SubTexture name="BF NOTE LEFT0006" x="1860" y="0" width="423" height="416" frameX="0" frameY="0" frameWidth="426" frameHeight="406"/>
	<SubTexture name="BF NOTE LEFT0007" x="1860" y="0" width="423" height="416" frameX="0" frameY="0" frameWidth="426" frameHeight="406"/>
	<SubTexture name="BF NOTE LEFT0008" x="1860" y="0" width="423" height="416" frameX="0" frameY="0" frameWidth="426" frameHeight="406"/>
	<SubTexture name="BF NOTE LEFT0009" x="1860" y="0" width="423" height="416" frameX="0" frameY="0" frameWidth="426" frameHeight="406"/>
	<SubTexture name="BF NOTE LEFT0010" x="1860" y="0" width="423" height="416" frameX="0" frameY="0" frameWidth="426" frameHeight="406"/>
	<SubTexture name="BF NOTE LEFT0011" x="1860" y="0" width="423" height="416" frameX="0" frameY="0" frameWidth="426" frameHeight="406"/>
	<SubTexture name="BF NOTE LEFT0012" x="1860" y="0" width="423" height="416" frameX="0" frameY="0" frameWidth="426" frameHeight="406"/>
	<SubTexture name="BF NOTE LEFT0013" x="1860" y="0" width="423" height="416" frameX="0" frameY="0" frameWidth="426" frameHeight="406"/>
	<SubTexture name="BF NOTE LEFT0014" x="1860" y="0" width="423" height="416" frameX="0" frameY="0" frameWidth="426" frameHeight="406"/>
	<SubTexture name="BF NOTE LEFT MISS0000" x="1434" y="0" width="425" height="416" frameX="-3" frameY="0" frameWidth="426" frameHeight="406"/>
	<SubTexture name="BF NOTE LEFT MISS0001" x="2284" y="0" width="421" height="416" frameX="-5" frameY="0" frameWidth="428" frameHeight="431"/>
	<SubTexture name="BF NOTE LEFT MISS0002" x="2706" y="0" width="426" height="416" frameX="0" frameY="0" frameWidth="428" frameHeight="431"/>
	<SubTexture name="BF NOTE LEFT MISS0003" x="2706" y="0" width="426" height="416" frameX="0" frameY="0" frameWidth="428" frameHeight="431"/>
	<SubTexture name="BF NOTE LEFT MISS0004" x="2706" y="0" width="426" height="416" frameX="0" frameY="0" frameWidth="428" frameHeight="431"/>
	<SubTexture name="BF NOTE LEFT MISS0005" x="2706" y="0" width="426" height="416" frameX="0" frameY="0" frameWidth="428" frameHeight="431"/>
	<SubTexture name="BF NOTE LEFT MISS0006" x="2706" y="0" width="426" height="416" frameX="0" frameY="0" frameWidth="428" frameHeight="431"/>
	<SubTexture name="BF NOTE LEFT MISS0007" x="2706" y="0" width="426" height="416" frameX="0" frameY="0" frameWidth="428" frameHeight="431"/>
	<SubTexture name="BF NOTE LEFT MISS0008" x="2706" y="0" width="426" height="416" frameX="0" frameY="0" frameWidth="428" frameHeight="431"/>
	<SubTexture name="BF NOTE LEFT MISS0009" x="2706" y="0" width="426" height="416" frameX="0" frameY="0" frameWidth="428" frameHeight="431"/>
	<SubTexture name="BF NOTE LEFT MISS0010" x="2706" y="0" width="426" height="416" frameX="0" frameY="0" frameWidth="428" frameHeight="431"/>
	<SubTexture name="BF NOTE LEFT MISS0011" x="2706" y="0" width="426" height="416" frameX="0" frameY="0" frameWidth="428" frameHeight="431"/>
	<SubTexture name="BF NOTE LEFT MISS0012" x="2706" y="0" width="426" height="416" frameX="0" frameY="0" frameWidth="428" frameHeight="431"/>
	<SubTexture name="BF NOTE LEFT MISS0013" x="2706" y="0" width="426" height="416" frameX="0" frameY="0" frameWidth="428" frameHeight="431"/>
	<SubTexture name="BF NOTE LEFT MISS0014" x="2706" y="0" width="426" height="416" frameX="0" frameY="0" frameWidth="428" frameHeight="431"/>
	<SubTexture name="BF NOTE LEFT MISS0015" x="2706" y="0" width="426" height="416" frameX="0" frameY="0" frameWidth="428" frameHeight="431"/>
	<SubTexture name="BF NOTE LEFT MISS0016" x="2706" y="0" width="426" height="416" frameX="0" frameY="0" frameWidth="428" frameHeight="431"/>
	<SubTexture name="BF NOTE LEFT MISS0017" x="2706" y="0" width="426" height="416" frameX="0" frameY="0" frameWidth="428" frameHeight="431"/>
	<SubTexture name="BF NOTE LEFT MISS0018" x="2706" y="0" width="426" height="416" frameX="0" frameY="0" frameWidth="428" frameHeight="431"/>
	<SubTexture name="BF NOTE LEFT MISS0019" x="2706" y="0" width="426" height="416" frameX="0" frameY="0" frameWidth="428" frameHeight="431"/>
	<SubTexture name="BF NOTE LEFT MISS0020" x="2706" y="0" width="426" height="416" frameX="0" frameY="0" frameWidth="428" frameHeight="431"/>
	<SubTexture name="BF NOTE LEFT MISS0021" x="2706" y="0" width="426" height="416" frameX="0" frameY="0" frameWidth="428" frameHeight="431"/>
	<SubTexture name="BF NOTE LEFT MISS0022" x="2706" y="0" width="426" height="416" frameX="0" frameY="0" frameWidth="428" frameHeight="431"/>
	<SubTexture name="BF NOTE LEFT MISS0023" x="2706" y="0" width="426" height="416" frameX="0" frameY="0" frameWidth="428" frameHeight="431"/>
	<SubTexture name="BF NOTE LEFT MISS0024" x="2706" y="0" width="426" height="416" frameX="0" frameY="0" frameWidth="428" frameHeight="431"/>
	<SubTexture name="BF NOTE LEFT MISS0025" x="2706" y="0" width="426" height="416" frameX="0" frameY="0" frameWidth="428" frameHeight="431"/>
	<SubTexture name="BF NOTE LEFT MISS0026" x="2706" y="0" width="426" height="416" frameX="0" frameY="0" frameWidth="428" frameHeight="431"/>
	<SubTexture name="BF NOTE LEFT MISS0027" x="2706" y="0" width="426" height="416" frameX="0" frameY="0" frameWidth="428" frameHeight="431"/>
	<SubTexture name="BF NOTE LEFT MISS0028" x="2706" y="0" width="426" height="416" frameX="0" frameY="0" frameWidth="428" frameHeight="431"/>
	<SubTexture name="BF NOTE LEFT MISS0029" x="2706" y="0" width="426" height="416" frameX="0" frameY="0" frameWidth="428" frameHeight="431"/>
	<SubTexture name="BF NOTE LEFT MISS0030" x="2706" y="0" width="426" height="416" frameX="0" frameY="0" frameWidth="428" frameHeight="431"/>
	<SubTexture name="BF NOTE LEFT MISS0031" x="2706" y="0" width="426" height="416" frameX="0" frameY="0" frameWidth="428" frameHeight="431"/>
	<SubTexture name="BF NOTE LEFT MISS0032" x="2706" y="0" width="426" height="416" frameX="0" frameY="0" frameWidth="428" frameHeight="431"/>
	<SubTexture name="BF NOTE LEFT MISS0033" x="2706" y="0" width="426" height="416" frameX="0" frameY="0" frameWidth="428" frameHeight="431"/>
	<SubTexture name="BF NOTE RIGHT0000" x="0" y="416" width="354" height="434" frameX="-9" frameY="0" frameWidth="408" frameHeight="406"/>
	<SubTexture name="BF NOTE RIGHT0001" x="0" y="416" width="354" height="434" frameX="-9" frameY="0" frameWidth="408" frameHeight="406"/>
	<SubTexture name="BF NOTE RIGHT0002" x="355" y="416" width="357" height="434" frameX="0" frameY="0" frameWidth="408" frameHeight="406"/>
	<SubTexture name="BF NOTE RIGHT0003" x="355" y="416" width="357" height="434" frameX="0" frameY="0" frameWidth="408" frameHeight="406"/>
	<SubTexture name="BF NOTE RIGHT0004" x="355" y="416" width="357" height="434" frameX="0" frameY="0" frameWidth="408" frameHeight="406"/>
	<SubTexture name="BF NOTE RIGHT0005" x="355" y="416" width="357" height="434" frameX="0" frameY="0" frameWidth="408" frameHeight="406"/>
	<SubTexture name="BF NOTE RIGHT0006" x="355" y="416" width="357" height="434" frameX="0" frameY="0" frameWidth="408" frameHeight="406"/>
	<SubTexture name="BF NOTE RIGHT0007" x="355" y="416" width="357" height="434" frameX="0" frameY="0" frameWidth="408" frameHeight="406"/>
	<SubTexture name="BF NOTE RIGHT0008" x="355" y="416" width="357" height="434" frameX="0" frameY="0" frameWidth="408" frameHeight="406"/>
	<SubTexture name="BF NOTE RIGHT0009" x="355" y="416" width="357" height="434" frameX="0" frameY="0" frameWidth="408" frameHeight="406"/>
	<SubTexture name="BF NOTE RIGHT0010" x="355" y="416" width="357" height="434" frameX="0" frameY="0" frameWidth="408" frameHeight="406"/>
	<SubTexture name="BF NOTE RIGHT0011" x="355" y="416" width="357" height="434" frameX="0" frameY="0" frameWidth="408" frameHeight="406"/>
	<SubTexture name="BF NOTE RIGHT0012" x="355" y="416" width="357" height="434" frameX="0" frameY="0" frameWidth="408" frameHeight="406"/>
	<SubTexture name="BF NOTE RIGHT0013" x="355" y="416" width="357" height="434" frameX="0" frameY="0" frameWidth="408" frameHeight="406"/>
	<SubTexture name="BF NOTE RIGHT0014" x="355" y="416" width="357" height="434" frameX="0" frameY="0" frameWidth="408" frameHeight="406"/>
	<SubTexture name="BF NOTE RIGHT0015" x="355" y="416" width="357" height="434" frameX="0" frameY="0" frameWidth="408" frameHeight="406"/>
	<SubTexture name="BF NOTE RIGHT0016" x="355" y="416" width="357" height="434" frameX="0" frameY="0" frameWidth="408" frameHeight="406"/>
	<SubTexture name="BF NOTE RIGHT0017" x="355" y="416" width="357" height="434" frameX="0" frameY="0" frameWidth="408" frameHeight="406"/>
	<SubTexture name="BF NOTE RIGHT0018" x="355" y="416" width="357" height="434" frameX="0" frameY="0" frameWidth="408" frameHeight="406"/>
	<SubTexture name="BF NOTE RIGHT0019" x="355" y="416" width="357" height="434" frameX="0" frameY="0" frameWidth="408" frameHeight="406"/>
	<SubTexture name="BF NOTE RIGHT0020" x="355" y="416" width="357" height="434" frameX="0" frameY="0" frameWidth="408" frameHeight="406"/>
	<SubTexture name="BF NOTE RIGHT0021" x="355" y="416" width="357" height="434" frameX="0" frameY="0" frameWidth="408" frameHeight="406"/>
	<SubTexture name="BF NOTE RIGHT0022" x="355" y="416" width="357" height="434" frameX="0" frameY="0" frameWidth="408" frameHeight="406"/>
	<SubTexture name="BF NOTE RIGHT0023" x="355" y="416" width="357" height="434" frameX="0" frameY="0" frameWidth="408" frameHeight="406"/>
	<SubTexture name="BF NOTE RIGHT0024" x="355" y="416" width="357" height="434" frameX="0" frameY="0" frameWidth="408" frameHeight="406"/>
	<SubTexture name="BF NOTE RIGHT0025" x="355" y="416" width="357" height="434" frameX="0" frameY="0" frameWidth="408" frameHeight="406"/>
	<SubTexture name="BF NOTE RIGHT0026" x="355" y="416" width="357" height="434" frameX="0" frameY="0" frameWidth="408" frameHeight="406"/>
	<SubTexture name="BF NOTE RIGHT0027" x="355" y="416" width="357" height="434" frameX="0" frameY="0" frameWidth="408" frameHeight="406"/>
	<SubTexture name="BF NOTE RIGHT0028" x="355" y="416" width="357" height="434" frameX="0" frameY="0" frameWidth="408" frameHeight="406"/>
	<SubTexture name="BF NOTE RIGHT0029" x="355" y="416" width="357" height="434" frameX="0" frameY="0" frameWidth="408" frameHeight="406"/>
	<SubTexture name="BF NOTE RIGHT0030" x="355" y="416" width="357" height="434" frameX="0" frameY="0" frameWidth="408" frameHeight="406"/>
	<SubTexture name="BF NOTE RIGHT0031" x="355" y="416" width="357" height="434" frameX="0" frameY="0" frameWidth="408" frameHeight="406"/>
	<SubTexture name="BF NOTE RIGHT0032" x="355" y="416" width="357" height="434" frameX="0" frameY="0" frameWidth="408" frameHeight="406"/>
	<SubTexture name="BF NOTE RIGHT0033" x="355" y="416" width="357" height="434" frameX="0" frameY="0" frameWidth="408" frameHeight="406"/>
	<SubTexture name="BF NOTE RIGHT0034" x="355" y="416" width="357" height="434" frameX="0" frameY="0" frameWidth="408" frameHeight="406"/>
	<SubTexture name="BF NOTE RIGHT0035" x="355" y="416" width="357" height="434" frameX="0" frameY="0" frameWidth="408" frameHeight="406"/>
	<SubTexture name="BF NOTE RIGHT0036" x="355" y="416" width="357" height="434" frameX="0" frameY="0" frameWidth="408" frameHeight="406"/>
	<SubTexture name="BF NOTE RIGHT0037" x="355" y="416" width="357" height="434" frameX="0" frameY="0" frameWidth="408" frameHeight="406"/>
	<SubTexture name="BF NOTE RIGHT0038" x="355" y="416" width="357" height="434" frameX="0" frameY="0" frameWidth="408" frameHeight="406"/>
	<SubTexture name="BF NOTE RIGHT0039" x="355" y="416" width="357" height="434" frameX="0" frameY="0" frameWidth="408" frameHeight="406"/>
	<SubTexture name="BF NOTE RIGHT0040" x="355" y="416" width="357" height="434" frameX="0" frameY="0" frameWidth="408" frameHeight="406"/>
	<SubTexture name="BF NOTE RIGHT0041" x="355" y="416" width="357" height="434" frameX="0" frameY="0" frameWidth="408" frameHeight="406"/>
	<SubTexture name="BF NOTE RIGHT0042" x="355" y="416" width="357" height="434" frameX="0" frameY="0" frameWidth="408" frameHeight="406"/>
	<SubTexture name="BF NOTE RIGHT0043" x="355" y="416" width="357" height="434" frameX="0" frameY="0" frameWidth="408" frameHeight="406"/>
	<SubTexture name="BF NOTE RIGHT0044" x="355" y="416" width="357" height="434" frameX="0" frameY="0" frameWidth="408" frameHeight="406"/>
	<SubTexture name="BF NOTE RIGHT0045" x="355" y="416" width="357" height="434" frameX="0" frameY="0" frameWidth="408" frameHeight="406"/>
	<SubTexture name="BF NOTE RIGHT0046" x="355" y="416" width="357" height="434" frameX="0" frameY="0" frameWidth="408" frameHeight="406"/>
	<SubTexture name="BF NOTE RIGHT0047" x="355" y="416" width="357" height="434" frameX="0" frameY="0" frameWidth="408" frameHeight="406"/>
	<SubTexture name="BF NOTE RIGHT0048" x="355" y="416" width="357" height="434" frameX="0" frameY="0" frameWidth="408" frameHeight="406"/>
	<SubTexture name="BF NOTE RIGHT0049" x="355" y="416" width="357" height="434" frameX="0" frameY="0" frameWidth="408" frameHeight="406"/>
	<SubTexture name="BF NOTE RIGHT0050" x="355" y="416" width="357" height="434" frameX="0" frameY="0" frameWidth="408" frameHeight="406"/>
	<SubTexture name="BF NOTE RIGHT0051" x="355" y="416" width="357" height="434" frameX="0" frameY="0" frameWidth="408" frameHeight="406"/>
	<SubTexture name="BF NOTE RIGHT0052" x="355" y="416" width="357" height="434" frameX="0" frameY="0" frameWidth="408" frameHeight="406"/>
	<SubTexture name="BF NOTE RIGHT0053" x="355" y="416" width="357" height="434" frameX="0" frameY="0" frameWidth="408" frameHeight="406"/>
	<SubTexture name="BF NOTE RIGHT0054" x="355" y="416" width="357" height="434" frameX="0" frameY="0" frameWidth="408" frameHeight="406"/>
	<SubTexture name="BF NOTE RIGHT0055" x="355" y="416" width="357" height="434" frameX="0" frameY="0" frameWidth="408" frameHeight="406"/>
	<SubTexture name="BF NOTE RIGHT0056" x="355" y="416" width="357" height="434" frameX="0" frameY="0" frameWidth="408" frameHeight="406"/>
	<SubTexture name="BF NOTE RIGHT0057" x="355" y="416" width="357" height="434" frameX="0" frameY="0" frameWidth="408" frameHeight="406"/>
	<SubTexture name="BF NOTE RIGHT0058" x="355" y="416" width="357" height="434" frameX="0" frameY="0" frameWidth="408" frameHeight="406"/>
	<SubTexture name="BF NOTE RIGHT0059" x="355" y="416" width="357" height="434" frameX="0" frameY="0" frameWidth="408" frameHeight="406"/>
	<SubTexture name="BF NOTE RIGHT0060" x="355" y="416" width="357" height="434" frameX="0" frameY="0" frameWidth="408" frameHeight="406"/>
	<SubTexture name="BF NOTE RIGHT0061" x="355" y="416" width="357" height="434" frameX="0" frameY="0" frameWidth="408" frameHeight="406"/>
	<SubTexture name="BF NOTE RIGHT MISS0000" x="355" y="416" width="357" height="434" frameX="4" frameY="0" frameWidth="408" frameHeight="406"/>
	<SubTexture name="BF NOTE RIGHT MISS0001" x="713" y="416" width="357" height="434" frameX="0" frameY="0" frameWidth="409" frameHeight="432"/>
	<SubTexture name="BF NOTE RIGHT MISS0002" x="713" y="416" width="357" height="434" frameX="0" frameY="0" frameWidth="409" frameHeight="432"/>
	<SubTexture name="BF NOTE RIGHT MISS0003" x="1071" y="416" width="361" height="434" frameX="0" frameY="0" frameWidth="409" frameHeight="432"/>
	<SubTexture name="BF NOTE RIGHT MISS0004" x="1071" y="416" width="361" height="434" frameX="0" frameY="0" frameWidth="409" frameHeight="432"/>
	<SubTexture name="BF NOTE RIGHT MISS0005" x="1071" y="416" width="361" height="434" frameX="0" frameY="0" frameWidth="409" frameHeight="432"/>
	<SubTexture name="BF NOTE RIGHT MISS0006" x="1071" y="416" width="361" height="434" frameX="0" frameY="0" frameWidth="409" frameHeight="432"/>
	<SubTexture name="BF NOTE RIGHT MISS0007" x="1071" y="416" width="361" height="434" frameX="0" frameY="0" frameWidth="409" frameHeight="432"/>
	<SubTexture name="BF NOTE RIGHT MISS0008" x="1071" y="416" width="361" height="434" frameX="0" frameY="0" frameWidth="409" frameHeight="432"/>
	<SubTexture name="BF NOTE RIGHT MISS0009" x="1071" y="416" width="361" height="434" frameX="0" frameY="0" frameWidth="409" frameHeight="432"/>
	<SubTexture name="BF NOTE RIGHT MISS0010" x="1071" y="416" width="361" height="434" frameX="0" frameY="0" frameWidth="409" frameHeight="432"/>
	<SubTexture name="BF NOTE RIGHT MISS0011" x="1071" y="416" width="361" height="434" frameX="0" frameY="0" frameWidth="409" frameHeight="432"/>
	<SubTexture name="BF NOTE RIGHT MISS0012" x="1071" y="416" width="361" height="434" frameX="0" frameY="0" frameWidth="409" frameHeight="432"/>
	<SubTexture name="BF NOTE RIGHT MISS0013" x="1071" y="416" width="361" height="434" frameX="0" frameY="0" frameWidth="409" frameHeight="432"/>
	<SubTexture name="BF NOTE RIGHT MISS0014" x="1071" y="416" width="361" height="434" frameX="0" frameY="0" frameWidth="409" frameHeight="432"/>
	<SubTexture name="BF NOTE RIGHT MISS0015" x="1071" y="416" width="361" height="434" frameX="0" frameY="0" frameWidth="409" frameHeight="432"/>
	<SubTexture name="BF NOTE RIGHT MISS0016" x="1071" y="416" width="361" height="434" frameX="0" frameY="0" frameWidth="409" frameHeight="432"/>
	<SubTexture name="BF NOTE RIGHT MISS0017" x="1071" y="416" width="361" height="434" frameX="0" frameY="0" frameWidth="409" frameHeight="432"/>
	<SubTexture name="BF NOTE RIGHT MISS0018" x="1071" y="416" width="361" height="434" frameX="0" frameY="0" frameWidth="409" frameHeight="432"/>
	<SubTexture name="BF NOTE RIGHT MISS0019" x="1071" y="416" width="361" height="434" frameX="0" frameY="0" frameWidth="409" frameHeight="432"/>
	<SubTexture name="BF NOTE RIGHT MISS0020" x="1071" y="416" width="361" height="434" frameX="0" frameY="0" frameWidth="409" frameHeight="432"/>
	<SubTexture name="BF NOTE RIGHT MISS0021" x="1071" y="416" width="361" height="434" frameX="0" frameY="0" frameWidth="409" frameHeight="432"/>
	<SubTexture name="BF NOTE RIGHT MISS0022" x="1071" y="416" width="361" height="434" frameX="0" frameY="0" frameWidth="409" frameHeight="432"/>
	<SubTexture name="BF NOTE RIGHT MISS0023" x="1071" y="416" width="361" height="434" frameX="0" frameY="0" frameWidth="409" frameHeight="432"/>
	<SubTexture name="BF NOTE RIGHT MISS0024" x="1071" y="416" width="361" height="434" frameX="0" frameY="0" frameWidth="409" frameHeight="432"/>
	<SubTexture name="BF NOTE RIGHT MISS0025" x="1071" y="416" width="361" height="434" frameX="0" frameY="0" frameWidth="409" frameHeight="432"/>
	<SubTexture name="BF NOTE RIGHT MISS0026" x="1071" y="416" width="361" height="434" frameX="0" frameY="0" frameWidth="409" frameHeight="432"/>
	<SubTexture name="BF NOTE RIGHT MISS0027" x="1071" y="416" width="361" height="434" frameX="0" frameY="0" frameWidth="409" frameHeight="432"/>
	<SubTexture name="BF NOTE RIGHT MISS0028" x="1071" y="416" width="361" height="434" frameX="0" frameY="0" frameWidth="409" frameHeight="432"/>
	<SubTexture name="BF NOTE RIGHT MISS0029" x="1071" y="416" width="361" height="434" frameX="0" frameY="0" frameWidth="409" frameHeight="432"/>
	<SubTexture name="BF NOTE RIGHT MISS0030" x="1071" y="416" width="361" height="434" frameX="0" frameY="0" frameWidth="409" frameHeight="432"/>
	<SubTexture name="BF NOTE RIGHT MISS0031" x="1071" y="416" width="361" height="434" frameX="0" frameY="0" frameWidth="409" frameHeight="432"/>
	<SubTexture name="BF NOTE RIGHT MISS0032" x="1071" y="416" width="361" height="434" frameX="0" frameY="0" frameWidth="409" frameHeight="432"/>
	<SubTexture name="BF NOTE RIGHT MISS0033" x="1071" y="416" width="361" height="434" frameX="0" frameY="0" frameWidth="409" frameHeight="432"/>
	<SubTexture name="BF NOTE RIGHT MISS0034" x="1071" y="416" width="361" height="434" frameX="0" frameY="0" frameWidth="409" frameHeight="432"/>
	<SubTexture name="BF NOTE RIGHT MISS0035" x="1071" y="416" width="361" height="434" frameX="0" frameY="0" frameWidth="409" frameHeight="432"/>
	<SubTexture name="BF NOTE RIGHT MISS0036" x="1071" y="416" width="361" height="434" frameX="0" frameY="0" frameWidth="409" frameHeight="432"/>
	<SubTexture name="BF NOTE RIGHT MISS0037" x="1071" y="416" width="361" height="434" frameX="0" frameY="0" frameWidth="409" frameHeight="432"/>
	<SubTexture name="BF NOTE RIGHT MISS0038" x="1071" y="416" width="361" height="434" frameX="0" frameY="0" frameWidth="409" frameHeight="432"/>
	<SubTexture name="BF NOTE RIGHT MISS0039" x="1071" y="416" width="361" height="434" frameX="0" frameY="0" frameWidth="409" frameHeight="432"/>
	<SubTexture name="BF NOTE RIGHT MISS0040" x="1071" y="416" width="361" height="434" frameX="0" frameY="0" frameWidth="409" frameHeight="432"/>
	<SubTexture name="BF NOTE RIGHT MISS0041" x="1071" y="416" width="361" height="434" frameX="0" frameY="0" frameWidth="409" frameHeight="432"/>
	<SubTexture name="BF NOTE RIGHT MISS0042" x="1071" y="416" width="361" height="434" frameX="0" frameY="0" frameWidth="409" frameHeight="432"/>
	<SubTexture name="BF NOTE RIGHT MISS0043" x="1071" y="416" width="361" height="434" frameX="0" frameY="0" frameWidth="409" frameHeight="432"/>
	<SubTexture name="BF NOTE RIGHT MISS0044" x="1071" y="416" width="361" height="434" frameX="0" frameY="0" frameWidth="409" frameHeight="432"/>
	<SubTexture name="BF NOTE RIGHT MISS0045" x="1071" y="416" width="361" height="434" frameX="0" frameY="0" frameWidth="409" frameHeight="432"/>
	<SubTexture name="BF NOTE UP0000" x="1433" y="416" width="340" height="434" frameX="2" frameY="0" frameWidth="377" frameHeight="444"/>
	<SubTexture name="BF NOTE UP0001" x="1433" y="416" width="340" height="434" frameX="2" frameY="0" frameWidth="377" frameHeight="444"/>
	<SubTexture name="BF NOTE UP0002" x="1773" y="416" width="334" height="434" frameX="0" frameY="0" frameWidth="377" frameHeight="444"/>
	<SubTexture name="BF NOTE UP0003" x="1773" y="416" width="334" height="434" frameX="0" frameY="0" frameWidth="377" frameHeight="444"/>
	<SubTexture name="BF NOTE UP0004" x="1773" y="416" width="334" height="434" frameX="0" frameY="0" frameWidth="377" frameHeight="444"/>
	<SubTexture name="BF NOTE UP0005" x="1773" y="416" width="334" height="434" frameX="0" frameY="0" frameWidth="377" frameHeight="444"/>
	<SubTexture name="BF NOTE UP0006" x="1773" y="416" width="334" height="434" frameX="0" frameY="0" frameWidth="377" frameHeight="444"/>
	<SubTexture name="BF NOTE UP0007" x="1773" y="416" width="334" height="434" frameX="0" frameY="0" frameWidth="377" frameHeight="444"/>
	<SubTexture name="BF NOTE UP0008" x="1773" y="416" width="334" height="434" frameX="0" frameY="0" frameWidth="377" frameHeight="444"/>
	<SubTexture name="BF NOTE UP0009" x="1773" y="416" width="334" height="434" frameX="0" frameY="0" frameWidth="377" frameHeight="444"/>
	<SubTexture name="BF NOTE UP0010" x="1773" y="416" width="334" height="434" frameX="0" frameY="0" frameWidth="377" frameHeight="444"/>
	<SubTexture name="BF NOTE UP0011" x="1773" y="416" width="334" height="434" frameX="0" frameY="0" frameWidth="377" frameHeight="444"/>
	<SubTexture name="BF NOTE UP0012" x="1773" y="416" width="334" height="434" frameX="0" frameY="0" frameWidth="377" frameHeight="444"/>
	<SubTexture name="BF NOTE UP0013" x="1773" y="416" width="334" height="434" frameX="0" frameY="0" frameWidth="377" frameHeight="444"/>
	<SubTexture name="BF NOTE UP0014" x="1773" y="416" width="334" height="434" frameX="0" frameY="0" frameWidth="377" frameHeight="444"/>
	<SubTexture name="BF NOTE UP MISS0000" x="1773" y="416" width="334" height="434" frameX="-2" frameY="0" frameWidth="377" frameHeight="444"/>
	<SubTexture name="BF NOTE UP MISS0001" x="2109" y="416" width="331" height="434" frameX="-1" frameY="0" frameWidth="374" frameHeight="439"/>
	<SubTexture name="BF NOTE UP MISS0002" x="2109" y="416" width="331" height="434" frameX="-1" frameY="0" frameWidth="374" frameHeight="439"/>
	<SubTexture name="BF NOTE UP MISS0003" x="2441" y="416" width="332" height="434" frameX="0" frameY="0" frameWidth="374" frameHeight="439"/>
	<SubTexture name="BF NOTE UP MISS0004" x="2441" y="416" width="332" height="434" frameX="0" frameY="0" frameWidth="374" frameHeight="439"/>
	<SubTexture name="BF NOTE UP MISS0005" x="2441" y="416" width="332" height="434" frameX="0" frameY="0" frameWidth="374" frameHeight="439"/>
	<SubTexture name="BF NOTE UP MISS0006" x="2441" y="416" width="332" height="434" frameX="0" frameY="0" frameWidth="374" frameHeight="439"/>
	<SubTexture name="BF NOTE UP MISS0007" x="2441" y="416" width="332" height="434" frameX="0" frameY="0" frameWidth="374" frameHeight="439"/>
	<SubTexture name="BF NOTE UP MISS0008" x="2441" y="416" width="332" height="434" frameX="0" frameY="0" frameWidth="374" frameHeight="439"/>
	<SubTexture name="BF NOTE UP MISS0009" x="2441" y="416" width="332" height="434" frameX="0" frameY="0" frameWidth="374" frameHeight="439"/>
	<SubTexture name="BF NOTE UP MISS0010" x="2441" y="416" width="332" height="434" frameX="0" frameY="0" frameWidth="374" frameHeight="439"/>
	<SubTexture name="BF NOTE UP MISS0011" x="2441" y="416" width="332" height="434" frameX="0" frameY="0" frameWidth="374" frameHeight="439"/>
	<SubTexture name="BF NOTE UP MISS0012" x="2441" y="416" width="332" height="434" frameX="0" frameY="0" frameWidth="374" frameHeight="439"/>
	<SubTexture name="BF NOTE UP MISS0013" x="2441" y="416" width="332" height="434" frameX="0" frameY="0" frameWidth="374" frameHeight="439"/>
	<SubTexture name="BF NOTE UP MISS0014" x="2441" y="416" width="332" height="434" frameX="0" frameY="0" frameWidth="374" frameHeight="439"/>
	<SubTexture name="BF NOTE UP MISS0015" x="2441" y="416" width="332" height="434" frameX="0" frameY="0" frameWidth="374" frameHeight="439"/>
	<SubTexture name="BF NOTE UP MISS0016" x="2441" y="416" width="332" height="434" frameX="0" frameY="0" frameWidth="374" frameHeight="439"/>
	<SubTexture name="BF NOTE UP MISS0017" x="2441" y="416" width="332" height="434" frameX="0" frameY="0" frameWidth="374" frameHeight="439"/>
	<SubTexture name="BF NOTE UP MISS0018" x="2441" y="416" width="332" height="434" frameX="0" frameY="0" frameWidth="374" frameHeight="439"/>
	<SubTexture name="BF NOTE UP MISS0019" x="2441" y="416" width="332" height="434" frameX="0" frameY="0" frameWidth="374" frameHeight="439"/>
	<SubTexture name="BF NOTE UP MISS0020" x="2441" y="416" width="332" height="434" frameX="0" frameY="0" frameWidth="374" frameHeight="439"/>
	<SubTexture name="BF NOTE UP MISS0021" x="2441" y="416" width="332" height="434" frameX="0" frameY="0" frameWidth="374" frameHeight="439"/>
	<SubTexture name="BF NOTE UP MISS0022" x="2441" y="416" width="332" height="434" frameX="0" frameY="0" frameWidth="374" frameHeight="439"/>
	<SubTexture name="BF NOTE UP MISS0023" x="2441" y="416" width="332" height="434" frameX="0" frameY="0" frameWidth="374" frameHeight="439"/>
	<SubTexture name="BF idle dance0000" x="0" y="851" width="386" height="398" frameX="6" frameY="0" frameWidth="417" frameHeight="411"/>
	<SubTexture name="BF idle dance0001" x="0" y="851" width="386" height="398" frameX="6" frameY="0" frameWidth="417" frameHeight="411"/>
	<SubTexture name="BF idle dance0002" x="387" y="851" width="379" height="398" frameX="1" frameY="0" frameWidth="417" frameHeight="411"/>
	<SubTexture name="BF idle dance0003" x="387" y="851" width="379" height="398" frameX="1" frameY="0" frameWidth="417" frameHeight="411"/>
	<SubTexture name="BF idle dance0004" x="767" y="851" width="373" height="398" frameX="-5" frameY="0" frameWidth="417" frameHeight="411"/>
	<SubTexture name="BF idle dance0005" x="767" y="851" width="373" height="398" frameX="-5" frameY="0" frameWidth="417" frameHeight="411"/>
	<SubTexture name="BF idle dance0006" x="1141" y="851" width="377" height="398" frameX="-4" frameY="0" frameWidth="417" frameHeight="411"/>
	<SubTexture name="BF idle dance0007" x="1141" y="851" width="377" height="398" frameX="-4" frameY="0" frameWidth="417" frameHeight="411"/>
	<SubTexture name="BF idle dance0008" x="1519" y="851" width="383" height="398" frameX="0" frameY="0" frameWidth="417" frameHeight="411"/>
	<SubTexture name="BF idle dance0009" x="1519" y="851" width="383" height="398" frameX="0" frameY="0" frameWidth="417" frameHeight="411"/>
	<SubTexture name="BF idle dance0010" x="1519" y="851" width="383" height="398" frameX="0" frameY="0" frameWidth="417" frameHeight="411"/>
	<SubTexture name="BF idle dance0011" x="1519" y="851" width="383" height="398" frameX="0" frameY="0" frameWidth="417" frameHeight="411"/>
	<SubTexture name="BF idle dance0012" x="1519" y="851" width="383" height="398" frameX="0" frameY="0" frameWidth="417" frameHeight="411"/>
	<SubTexture name="BF idle dance0013" x="1519" y="851" width="383" height="398" frameX="0" frameY="0" frameWidth="417" frameHeight="411"/>
</TextureAtlas>
