﻿<?xml version="1.0" encoding="utf-8"?>
<TextureAtlas imagePath="garcello_assets.png">
	<!-- Created with Adobe Animate version 20.0.0.17400 -->
	<!-- http://www.adobe.com/products/animate.html -->
	<SubTexture name="garcello Sing Note DOWN0000" x="0" y="0" width="339" height="601" frameX="0" frameY="-80" frameWidth="800" frameHeight="800"/>
	<SubTexture name="garcello Sing Note DOWN0001" x="342" y="0" width="340" height="601" frameX="0" frameY="-80" frameWidth="800" frameHeight="800"/>
	<SubTexture name="garcello Sing Note DOWN0002" x="687" y="0" width="341" height="601" frameX="0" frameY="-80" frameWidth="800" frameHeight="800"/>
	<SubTexture name="garcello Sing Note DOWN0003" x="1033" y="0" width="342" height="601" frameX="0" frameY="-80" frameWidth="800" frameHeight="800"/>
	<SubTexture name="garcello Sing Note DOWN0004" x="1380" y="0" width="342" height="601" frameX="0" frameY="-80" frameWidth="800" frameHeight="800"/>
	<SubTexture name="garcello Sing Note DOWN0005" x="1728" y="0" width="343" height="601" frameX="0" frameY="-80" frameWidth="800" frameHeight="800"/>
	<SubTexture name="garcello Sing Note DOWN0006" x="2076" y="0" width="344" height="601" frameX="0" frameY="-80" frameWidth="800" frameHeight="800"/>
	<SubTexture name="garcello Sing Note DOWN0007" x="2076" y="0" width="344" height="601" frameX="0" frameY="-80" frameWidth="800" frameHeight="800"/>
	<SubTexture name="garcello Sing Note DOWN0008" x="2076" y="0" width="344" height="601" frameX="0" frameY="-80" frameWidth="800" frameHeight="800"/>
	<SubTexture name="garcello Sing Note DOWN0009" x="2076" y="0" width="344" height="601" frameX="0" frameY="-80" frameWidth="800" frameHeight="800"/>
	<SubTexture name="garcello Sing Note DOWN0010" x="2076" y="0" width="344" height="601" frameX="0" frameY="-80" frameWidth="800" frameHeight="800"/>
	<SubTexture name="garcello Sing Note LEFT0000" x="0" y="607" width="346" height="633" frameX="6" frameY="-80" frameWidth="800" frameHeight="800"/>
	<SubTexture name="garcello Sing Note LEFT0001" x="352" y="607" width="350" height="633" frameX="5" frameY="-80" frameWidth="800" frameHeight="800"/>
	<SubTexture name="garcello Sing Note LEFT0002" x="707" y="607" width="350" height="633" frameX="4" frameY="-80" frameWidth="800" frameHeight="800"/>
	<SubTexture name="garcello Sing Note LEFT0003" x="1062" y="607" width="353" height="633" frameX="3" frameY="-80" frameWidth="800" frameHeight="800"/>
	<SubTexture name="garcello Sing Note LEFT0004" x="1421" y="607" width="351" height="633" frameX="2" frameY="-80" frameWidth="800" frameHeight="800"/>
	<SubTexture name="garcello Sing Note LEFT0005" x="1778" y="607" width="355" height="633" frameX="1" frameY="-80" frameWidth="800" frameHeight="800"/>
	<SubTexture name="garcello Sing Note LEFT0006" x="2138" y="607" width="354" height="633" frameX="1" frameY="-80" frameWidth="800" frameHeight="800"/>
	<SubTexture name="garcello Sing Note LEFT0007" x="2498" y="607" width="357" height="633" frameX="0" frameY="-80" frameWidth="800" frameHeight="800"/>
	<SubTexture name="garcello Sing Note LEFT0008" x="2498" y="607" width="357" height="633" frameX="0" frameY="-80" frameWidth="800" frameHeight="800"/>
	<SubTexture name="garcello Sing Note LEFT0009" x="2498" y="607" width="357" height="633" frameX="0" frameY="-80" frameWidth="800" frameHeight="800"/>
	<SubTexture name="garcello Sing Note LEFT0010" x="2498" y="607" width="357" height="633" frameX="0" frameY="-80" frameWidth="800" frameHeight="800"/>
	<SubTexture name="garcello Sing Note RIGHT0000" x="0" y="1244" width="366" height="642" frameX="0" frameY="-80" frameWidth="800" frameHeight="800"/>
	<SubTexture name="garcello Sing Note RIGHT0001" x="371" y="1244" width="369" height="642" frameX="1" frameY="-80" frameWidth="800" frameHeight="800"/>
	<SubTexture name="garcello Sing Note RIGHT0002" x="744" y="1244" width="369" height="642" frameX="2" frameY="-80" frameWidth="800" frameHeight="800"/>
	<SubTexture name="garcello Sing Note RIGHT0003" x="1118" y="1244" width="370" height="642" frameX="2" frameY="-80" frameWidth="800" frameHeight="800"/>
	<SubTexture name="garcello Sing Note RIGHT0004" x="1493" y="1244" width="371" height="642" frameX="2" frameY="-80" frameWidth="800" frameHeight="800"/>
	<SubTexture name="garcello Sing Note RIGHT0005" x="371" y="1244" width="369" height="642" frameX="1" frameY="-80" frameWidth="800" frameHeight="800"/>
	<SubTexture name="garcello Sing Note RIGHT0006" x="1869" y="1244" width="363" height="642" frameX="2" frameY="-80" frameWidth="800" frameHeight="800"/>
	<SubTexture name="garcello Sing Note RIGHT0007" x="2238" y="1244" width="351" height="642" frameX="1" frameY="-80" frameWidth="800" frameHeight="800"/>
	<SubTexture name="garcello Sing Note RIGHT0008" x="2238" y="1244" width="351" height="642" frameX="1" frameY="-80" frameWidth="800" frameHeight="800"/>
	<SubTexture name="garcello Sing Note RIGHT0009" x="2238" y="1244" width="351" height="642" frameX="1" frameY="-80" frameWidth="800" frameHeight="800"/>
	<SubTexture name="garcello Sing Note RIGHT0010" x="2238" y="1244" width="351" height="642" frameX="1" frameY="-80" frameWidth="800" frameHeight="800"/>
	<SubTexture name="garcello Sing Note UP0000" x="0" y="1892" width="367" height="662" frameX="-2" frameY="-80" frameWidth="800" frameHeight="800"/>
	<SubTexture name="garcello Sing Note UP0001" x="372" y="1892" width="365" height="662" frameX="-1" frameY="-80" frameWidth="800" frameHeight="800"/>
	<SubTexture name="garcello Sing Note UP0002" x="741" y="1892" width="369" height="662" frameX="0" frameY="-80" frameWidth="800" frameHeight="800"/>
	<SubTexture name="garcello Sing Note UP0003" x="1115" y="1892" width="363" height="662" frameX="0" frameY="-80" frameWidth="800" frameHeight="800"/>
	<SubTexture name="garcello Sing Note UP0004" x="1483" y="1892" width="359" height="662" frameX="0" frameY="-80" frameWidth="800" frameHeight="800"/>
	<SubTexture name="garcello Sing Note UP0005" x="1847" y="1892" width="361" height="662" frameX="0" frameY="-80" frameWidth="800" frameHeight="800"/>
	<SubTexture name="garcello Sing Note UP0006" x="2214" y="1892" width="368" height="662" frameX="0" frameY="-80" frameWidth="800" frameHeight="800"/>
	<SubTexture name="garcello Sing Note UP0007" x="2587" y="1892" width="361" height="662" frameX="0" frameY="-80" frameWidth="800" frameHeight="800"/>
	<SubTexture name="garcello Sing Note UP0008" x="2587" y="1892" width="361" height="662" frameX="0" frameY="-80" frameWidth="800" frameHeight="800"/>
	<SubTexture name="garcello Sing Note UP0009" x="2587" y="1892" width="361" height="662" frameX="0" frameY="-80" frameWidth="800" frameHeight="800"/>
	<SubTexture name="garcello Sing Note UP0010" x="2587" y="1892" width="361" height="662" frameX="0" frameY="-80" frameWidth="800" frameHeight="800"/>
	<SubTexture name="garcello idle dance0000" x="0" y="2559" width="308" height="641" frameX="0" frameY="-80" frameWidth="800" frameHeight="800"/>
	<SubTexture name="garcello idle dance0001" x="314" y="2559" width="303" height="641" frameX="-2" frameY="-80" frameWidth="800" frameHeight="800"/>
	<SubTexture name="garcello idle dance0002" x="623" y="2559" width="299" height="641" frameX="-4" frameY="-80" frameWidth="800" frameHeight="800"/>
	<SubTexture name="garcello idle dance0003" x="928" y="2559" width="297" height="641" frameX="-6" frameY="-79" frameWidth="800" frameHeight="800"/>
	<SubTexture name="garcello idle dance0004" x="1230" y="2559" width="296" height="641" frameX="-6" frameY="-79" frameWidth="800" frameHeight="800"/>
	<SubTexture name="garcello idle dance0005" x="1532" y="2559" width="296" height="641" frameX="-7" frameY="-79" frameWidth="800" frameHeight="800"/>
	<SubTexture name="garcello idle dance0006" x="1833" y="2559" width="295" height="641" frameX="-7" frameY="-79" frameWidth="800" frameHeight="800"/>
	<SubTexture name="garcello idle dance0007" x="2134" y="2559" width="295" height="641" frameX="-7" frameY="-79" frameWidth="800" frameHeight="800"/>
	<SubTexture name="garcello idle dance0008" x="2435" y="2559" width="295" height="641" frameX="-7" frameY="-80" frameWidth="800" frameHeight="800"/>
	<SubTexture name="garcello idle dance0009" x="2435" y="2559" width="295" height="641" frameX="-7" frameY="-80" frameWidth="800" frameHeight="800"/>
	<SubTexture name="garcello idle dance0010" x="2435" y="2559" width="295" height="641" frameX="-7" frameY="-80" frameWidth="800" frameHeight="800"/>
	<SubTexture name="garcello idle dance0011" x="2435" y="2559" width="295" height="641" frameX="-7" frameY="-80" frameWidth="800" frameHeight="800"/>
</TextureAtlas>