﻿<?xml version="1.0" encoding="utf-8"?>
<TextureAtlas imagePath="HD_SENPAIANGRY.png">
	<!-- Created with Adobe Animate version 20.0.0.17400 -->
	<!-- http://www.adobe.com/products/animate.html -->
	<SubTexture name="Dad Sing Note DOWN0000" x="1369" y="0" width="470" height="730" frameX="0" frameY="-5" frameWidth="470" frameHeight="735"/>
	<SubTexture name="Dad Sing Note DOWN0001" x="1369" y="0" width="470" height="730" frameX="0" frameY="-5" frameWidth="470" frameHeight="735"/>
	<SubTexture name="Dad Sing Note DOWN0002" x="1839" y="0" width="462" height="735" frameX="-4" frameY="0" frameWidth="470" frameHeight="735"/>
	<SubTexture name="Dad Sing Note DOWN0003" x="1839" y="0" width="462" height="735" frameX="-4" frameY="0" frameWidth="470" frameHeight="735"/>
	<SubTexture name="Dad Sing Note DOWN0004" x="1839" y="0" width="462" height="735" frameX="-4" frameY="0" frameWidth="470" frameHeight="735"/>
	<SubTexture name="Dad Sing Note DOWN0005" x="1839" y="0" width="462" height="735" frameX="-4" frameY="0" frameWidth="470" frameHeight="735"/>
	<SubTexture name="Dad Sing Note DOWN0006" x="1839" y="0" width="462" height="735" frameX="-4" frameY="0" frameWidth="470" frameHeight="735"/>
	<SubTexture name="Dad Die0000" x="369" y="2000" width="470" height="730" frameX="0" frameY="-5" frameWidth="470" frameHeight="735"/>
	<SubTexture name="Dad Die0001" x="369" y="2000" width="470" height="730" frameX="0" frameY="-5" frameWidth="470" frameHeight="735"/>
	<SubTexture name="Dad Die0002" x="839" y="2000" width="462" height="735" frameX="-4" frameY="0" frameWidth="470" frameHeight="735"/>
	<SubTexture name="Dad Die0003" x="839" y="2000" width="462" height="735" frameX="-4" frameY="0" frameWidth="470" frameHeight="735"/>
	<SubTexture name="Dad Die0004" x="839" y="2000" width="462" height="735" frameX="-4" frameY="0" frameWidth="470" frameHeight="735"/>
	<SubTexture name="Dad Die0005" x="839" y="2000" width="462" height="735" frameX="-4" frameY="0" frameWidth="470" frameHeight="735"/>
	<SubTexture name="Dad Die0006" x="839" y="2000" width="462" height="735" frameX="-4" frameY="0" frameWidth="470" frameHeight="735"/>
	<SubTexture name="Dad Sing Note LEFT0000" x="843" y="793" width="370" height="777"/>
	<SubTexture name="Dad Sing Note LEFT0001" x="843" y="793" width="370" height="777"/>
	<SubTexture name="Dad Sing Note LEFT0002" x="2243" y="893" width="370" height="777"/>
	<SubTexture name="Dad Sing Note LEFT0003" x="2243" y="893" width="370" height="777"/>
	<SubTexture name="Dad Sing Note LEFT0004" x="2743" y="893" width="370" height="777"/>
	<SubTexture name="Dad Sing Note LEFT0005" x="2743" y="893" width="370" height="777"/>
	<SubTexture name="Dad Sing Note LEFT0006" x="2243" y="893" width="370" height="777"/>
	<SubTexture name="Dad Sing Note LEFT0007" x="2243" y="893" width="370" height="777"/>
	<SubTexture name="Dad Sing Note LEFT0008" x="2743" y="893" width="370" height="777"/>
	<SubTexture name="Dad Sing Note LEFT0009" x="2743" y="893" width="370" height="777"/>
	<SubTexture name="Dad Sing Note LEFT0010" x="2243" y="893" width="370" height="777"/>
	<SubTexture name="Dad Sing Note LEFT0011" x="2243" y="893" width="370" height="777"/>
	<SubTexture name="Dad Sing Note LEFT0012" x="2743" y="893" width="370" height="777"/>
	<SubTexture name="Dad Sing Note LEFT0013" x="2743" y="893" width="370" height="777"/>
	<SubTexture name="Dad Sing Note LEFT0014" x="2243" y="893" width="370" height="777"/>
	<SubTexture name="Dad Sing Note LEFT0015" x="2243" y="893" width="370" height="777"/>
	<SubTexture name="Dad Sing Note LEFT0016" x="2743" y="893" width="370" height="777"/>
	<SubTexture name="Dad Sing Note LEFT0017" x="2743" y="893" width="370" height="777"/>
	<SubTexture name="Dad Sing Note LEFT0018" x="2243" y="893" width="370" height="777"/>
	<SubTexture name="Dad Sing Note LEFT0019" x="2243" y="893" width="370" height="777"/>
	<SubTexture name="Dad Sing Note RIGHT0000" x="0" y="0" width="465" height="792" frameX="0" frameY="-1" frameWidth="465" frameHeight="793"/>
	<SubTexture name="Dad Sing Note RIGHT0001" x="0" y="0" width="465" height="792" frameX="0" frameY="-1" frameWidth="465" frameHeight="793"/>
	<SubTexture name="Dad Sing Note RIGHT0002" x="465" y="0" width="452" height="793" frameX="0" frameY="0" frameWidth="465" frameHeight="793"/>
	<SubTexture name="Dad Sing Note RIGHT0003" x="465" y="0" width="452" height="793" frameX="0" frameY="0" frameWidth="465" frameHeight="793"/>
	<SubTexture name="Dad Sing Note RIGHT0004" x="917" y="0" width="452" height="793" frameX="0" frameY="0" frameWidth="465" frameHeight="793"/>
	<SubTexture name="Dad Sing Note RIGHT0005" x="917" y="0" width="452" height="793" frameX="0" frameY="0" frameWidth="465" frameHeight="793"/>
	<SubTexture name="Dad Sing Note RIGHT0006" x="465" y="0" width="452" height="793" frameX="0" frameY="0" frameWidth="465" frameHeight="793"/>
	<SubTexture name="Dad Sing Note RIGHT0007" x="465" y="0" width="452" height="793" frameX="0" frameY="0" frameWidth="465" frameHeight="793"/>
	<SubTexture name="Dad Sing Note RIGHT0008" x="917" y="0" width="452" height="793" frameX="0" frameY="0" frameWidth="465" frameHeight="793"/>
	<SubTexture name="Dad Sing Note RIGHT0009" x="917" y="0" width="452" height="793" frameX="0" frameY="0" frameWidth="465" frameHeight="793"/>
	<SubTexture name="Dad Sing Note RIGHT0010" x="465" y="0" width="452" height="793" frameX="0" frameY="0" frameWidth="465" frameHeight="793"/>
	<SubTexture name="Dad Sing Note RIGHT0011" x="465" y="0" width="452" height="793" frameX="0" frameY="0" frameWidth="465" frameHeight="793"/>
	<SubTexture name="Dad Sing Note RIGHT0012" x="917" y="0" width="452" height="793" frameX="0" frameY="0" frameWidth="465" frameHeight="793"/>
	<SubTexture name="Dad Sing Note RIGHT0013" x="917" y="0" width="452" height="793" frameX="0" frameY="0" frameWidth="465" frameHeight="793"/>
	<SubTexture name="Dad Sing Note RIGHT0014" x="465" y="0" width="452" height="793" frameX="0" frameY="0" frameWidth="465" frameHeight="793"/>
	<SubTexture name="Dad Sing Note RIGHT0015" x="465" y="0" width="452" height="793" frameX="0" frameY="0" frameWidth="465" frameHeight="793"/>
	<SubTexture name="Dad Sing Note RIGHT0016" x="917" y="0" width="452" height="793" frameX="0" frameY="0" frameWidth="465" frameHeight="793"/>
	<SubTexture name="Dad Sing Note RIGHT0017" x="917" y="0" width="452" height="793" frameX="0" frameY="0" frameWidth="465" frameHeight="793"/>
	<SubTexture name="Dad Sing Note RIGHT0018" x="465" y="0" width="452" height="793" frameX="0" frameY="0" frameWidth="465" frameHeight="793"/>
	<SubTexture name="Dad Sing Note UP0000" x="2301" y="0" width="408" height="818" frameX="-1" frameY="0" frameWidth="409" frameHeight="818"/>
	<SubTexture name="Dad Sing Note UP0001" x="2301" y="0" width="408" height="818" frameX="-1" frameY="0" frameWidth="409" frameHeight="818"/>
	<SubTexture name="Dad Sing Note UP0002" x="2709" y="0" width="408" height="810" frameX="0" frameY="-8" frameWidth="409" frameHeight="818"/>
	<SubTexture name="Dad Sing Note UP0003" x="2709" y="0" width="408" height="810" frameX="0" frameY="-8" frameWidth="409" frameHeight="818"/>
	<SubTexture name="Dad Sing Note UP0004" x="3117" y="0" width="408" height="810" frameX="0" frameY="-8" frameWidth="409" frameHeight="818"/>
	<SubTexture name="Dad idle dance0000" x="1369" y="730" width="419" height="767" frameX="-6" frameY="0" frameWidth="429" frameHeight="767"/>
	<SubTexture name="Dad idle dance0001" x="1369" y="730" width="419" height="767" frameX="-6" frameY="0" frameWidth="429" frameHeight="767"/>
	<SubTexture name="Dad idle dance0002" x="3525" y="0" width="429" height="759" frameX="0" frameY="-8" frameWidth="429" frameHeight="767"/>
	<SubTexture name="Dad idle dance0003" x="3525" y="0" width="429" height="759" frameX="0" frameY="-8" frameWidth="429" frameHeight="767"/>
	<SubTexture name="Dad idle dance0004" x="0" y="792" width="424" height="757" frameX="-2" frameY="-10" frameWidth="429" frameHeight="767"/>
	<SubTexture name="Dad idle dance0005" x="0" y="792" width="424" height="757" frameX="-2" frameY="-10" frameWidth="429" frameHeight="767"/>
	<SubTexture name="Dad idle dance0006" x="3525" y="759" width="423" height="759" frameX="-3" frameY="-8" frameWidth="429" frameHeight="767"/>
	<SubTexture name="Dad idle dance0007" x="3525" y="759" width="423" height="759" frameX="-3" frameY="-8" frameWidth="429" frameHeight="767"/>
	<SubTexture name="Dad idle dance0008" x="424" y="793" width="419" height="766" frameX="-5" frameY="-1" frameWidth="429" frameHeight="767"/>
	<SubTexture name="Dad idle dance0009" x="424" y="793" width="419" height="766" frameX="-5" frameY="-1" frameWidth="429" frameHeight="767"/>
	<SubTexture name="Dad idle dance0010" x="1788" y="735" width="419" height="767" frameX="-6" frameY="0" frameWidth="429" frameHeight="767"/>
	<SubTexture name="Dad idle dance0011" x="1788" y="735" width="419" height="767" frameX="-6" frameY="0" frameWidth="429" frameHeight="767"/>
	<SubTexture name="Dad idle dance0012" x="1369" y="730" width="419" height="767" frameX="-6" frameY="0" frameWidth="429" frameHeight="767"/>
	<SubTexture name="Dad UGH0000" x="843" y="2793" width="370" height="777"/>
	<SubTexture name="Dad UGH0001" x="843" y="2793" width="370" height="777"/>
	<SubTexture name="Dad UGH0002" x="2243" y="2893" width="370" height="777"/>
	<SubTexture name="Dad UGH0003" x="2243" y="2893" width="370" height="777"/>
	<SubTexture name="Dad UGH0004" x="2743" y="2893" width="370" height="777"/>
	<SubTexture name="Dad UGH0005" x="2743" y="2893" width="370" height="777"/>
	<SubTexture name="Dad UGH0006" x="2243" y="2893" width="370" height="777"/>
	<SubTexture name="Dad UGH0007" x="2243" y="2893" width="370" height="777"/>
	<SubTexture name="Dad UGH0008" x="2743" y="2893" width="370" height="777"/>
	<SubTexture name="Dad UGH0009" x="2743" y="2893" width="370" height="777"/>
	<SubTexture name="Dad UGH0010" x="2243" y="2893" width="370" height="777"/>
	<SubTexture name="Dad UGH0011" x="2243" y="2893" width="370" height="777"/>
	<SubTexture name="Dad UGH0012" x="2743" y="2893" width="370" height="777"/>
	<SubTexture name="Dad UGH0013" x="2743" y="2893" width="370" height="777"/>
	<SubTexture name="Dad UGH0014" x="2243" y="2893" width="370" height="777"/>
	<SubTexture name="Dad UGH0015" x="2243" y="2893" width="370" height="777"/>
	<SubTexture name="Dad UGH0016" x="2743" y="2893" width="370" height="777"/>
	<SubTexture name="Dad UGH0017" x="2743" y="2893" width="370" height="777"/>
	<SubTexture name="Dad UGH0018" x="2243" y="2893" width="370" height="777"/>
	<SubTexture name="Dad UGH0019" x="2243" y="2893" width="370" height="777"/>
</TextureAtlas>
