﻿<?xml version="1.0" encoding="utf-8"?>
<TextureAtlas imagePath="KAPI.png">
	<!-- Created with Adobe Animate version 20.0.0.17400 -->
	<!-- http://www.adobe.com/products/animate.html -->
	<SubTexture name="Dad Sing Note DOWN0000" x="0" y="2241" width="586" height="455" frameX="250" frameY="30" frameWidth="586" frameHeight="455"/>
	<SubTexture name="Dad Sing Note DOWN0001" x="587" y="2241" width="593" height="455" frameX="247" frameY="30" frameWidth="595" frameHeight="455"/>
	<SubTexture name="Dad Sing Note DOWN0002" x="587" y="2241" width="593" height="455" frameX="247" frameY="30" frameWidth="593" frameHeight="455"/>
	<SubTexture name="Dad Sing Note DOWN0003" x="1181" y="2241" width="588" height="455" frameX="250" frameY="30" frameWidth="588" frameHeight="455"/>
	<SubTexture name="Dad Sing Note DOWN0004" x="1181" y="2241" width="588" height="455" frameX="250" frameY="30" frameWidth="588" frameHeight="455"/>
	<SubTexture name="Dad Sing Note DOWN0005" x="1770" y="2241" width="586" height="455" frameX="250" frameY="30" frameWidth="586" frameHeight="455"/>
	<SubTexture name="Dad Sing Note DOWN0006" x="1770" y="2241" width="586" height="455" frameX="250" frameY="30" frameWidth="586" frameHeight="455"/>
	<SubTexture name="Dad Sing Note DOWN0007" x="2357" y="2241" width="586" height="455" frameX="250" frameY="30" frameWidth="586" frameHeight="455"/>
	<SubTexture name="Dad Sing Note DOWN0008" x="2357" y="2241" width="586" height="455" frameX="250" frameY="30" frameWidth="586" frameHeight="455"/>
	<SubTexture name="Dad Sing Note DOWN0009" x="2944" y="2241" width="586" height="455" frameX="250" frameY="30" frameWidth="586" frameHeight="455"/>
	<SubTexture name="Dad Sing Note DOWN0010" x="2944" y="2241" width="586" height="455" frameX="250" frameY="30" frameWidth="586" frameHeight="455"/>
	<SubTexture name="Dad Sing Note LEFT0000" x="0" y="561" width="586" height="603" frameX="260" frameY="-10" frameWidth="586" frameHeight="603"/>
	<SubTexture name="Dad Sing Note LEFT0001" x="587" y="561" width="594" height="603" frameX="257" frameY="-10" frameWidth="594" frameHeight="603"/>
	<SubTexture name="Dad Sing Note LEFT0002" x="587" y="561" width="594" height="603" frameX="257" frameY="-10" frameWidth="594" frameHeight="603"/>
	<SubTexture name="Dad Sing Note LEFT0003" x="1182" y="561" width="588" height="603" frameX="260" frameY="-10" frameWidth="588" frameHeight="603"/>
	<SubTexture name="Dad Sing Note LEFT0004" x="1182" y="561" width="588" height="603" frameX="260" frameY="-10" frameWidth="588" frameHeight="603"/>
	<SubTexture name="Dad Sing Note LEFT0005" x="1771" y="561" width="586" height="603" frameX="260" frameY="-10" frameWidth="586" frameHeight="603"/>
	<SubTexture name="Dad Sing Note LEFT0006" x="1771" y="561" width="586" height="603" frameX="260" frameY="-10" frameWidth="586" frameHeight="603"/>
	<SubTexture name="Dad Sing Note LEFT0007" x="2358" y="561" width="586" height="603" frameX="260" frameY="-10" frameWidth="586" frameHeight="603"/>
	<SubTexture name="Dad Sing Note LEFT0008" x="2358" y="561" width="586" height="603" frameX="260" frameY="-10" frameWidth="586" frameHeight="603"/>
	<SubTexture name="Dad Sing Note LEFT0009" x="2945" y="561" width="586" height="603" frameX="260" frameY="-10" frameWidth="586" frameHeight="603"/>
	<SubTexture name="Dad Sing Note LEFT0010" x="2945" y="561" width="586" height="603" frameX="260" frameY="-10" frameWidth="586" frameHeight="603"/>
	<SubTexture name="Dad Sing Note UP0000" x="0" y="1165" width="586" height="556" frameX="270" frameY="-25" frameWidth="565" frameHeight="556"/>
	<SubTexture name="Dad Sing Note UP0001" x="586" y="1165" width="596" height="556" frameX="245" frameY="-25" frameWidth="596" frameHeight="556"/>
	<SubTexture name="Dad Sing Note UP0002" x="586" y="1165" width="596" height="556" frameX="245" frameY="-25" frameWidth="596" frameHeight="556"/>
	<SubTexture name="Dad Sing Note UP0003" x="1183" y="1165" width="587" height="556" frameX="250" frameY="-25" frameWidth="587" frameHeight="556"/>
	<SubTexture name="Dad Sing Note UP0004" x="1183" y="1165" width="587" height="556" frameX="250" frameY="-25" frameWidth="587" frameHeight="556"/>
	<SubTexture name="Dad Sing Note UP0005" x="1771" y="1165" width="586" height="556" frameX="250" frameY="-25" frameWidth="586" frameHeight="556"/>
	<SubTexture name="Dad Sing Note UP0006" x="1771" y="1165" width="586" height="556" frameX="250" frameY="-25" frameWidth="586" frameHeight="556"/>
	<SubTexture name="Dad Sing Note UP0007" x="2358" y="1165" width="586" height="556" frameX="250" frameY="-25" frameWidth="586" frameHeight="556"/>
	<SubTexture name="Dad Sing Note UP0008" x="2358" y="1165" width="586" height="556" frameX="250" frameY="-25" frameWidth="586" frameHeight="556"/>
	<SubTexture name="Dad Sing Note UP0009" x="2945" y="1165" width="586" height="556" frameX="250" frameY="-25" frameWidth="586" frameHeight="556"/>
	<SubTexture name="Dad Sing Note UP0010" x="2945" y="1165" width="586" height="556" frameX="250" frameY="-25" frameWidth="586" frameHeight="556"/>
	<SubTexture name="Dad Sing Note RIGHT0000" x="0" y="1722" width="586" height="518" frameX="256" frameY="-50" frameWidth="586" frameHeight="518"/>
	<SubTexture name="Dad Sing Note RIGHT0001" x="587" y="1722" width="594" height="518" frameX="252" frameY="-50" frameWidth="594" frameHeight="518"/>
	<SubTexture name="Dad Sing Note RIGHT0002" x="587" y="1722" width="594" height="518" frameX="252" frameY="-50" frameWidth="594" frameHeight="518"/>
	<SubTexture name="Dad Sing Note RIGHT0003" x="1182" y="1722" width="588" height="518" frameX="256" frameY="-50" frameWidth="588" frameHeight="518"/>
	<SubTexture name="Dad Sing Note RIGHT0004" x="1182" y="1722" width="588" height="518" frameX="256" frameY="-50" frameWidth="588" frameHeight="518"/>
	<SubTexture name="Dad Sing Note RIGHT0005" x="1771" y="1722" width="586" height="518" frameX="256" frameY="-50" frameWidth="586" frameHeight="518"/>
	<SubTexture name="Dad Sing Note RIGHT0006" x="1771" y="1722" width="586" height="518" frameX="256" frameY="-50" frameWidth="586" frameHeight="518"/>
	<SubTexture name="Dad Sing Note RIGHT0007" x="2358" y="1722" width="586" height="518" frameX="256" frameY="-50" frameWidth="586" frameHeight="518"/>
	<SubTexture name="Dad Sing Note RIGHT0008" x="2358" y="1722" width="586" height="518" frameX="256" frameY="-50" frameWidth="586" frameHeight="518"/>
	<SubTexture name="Dad Sing Note RIGHT0009" x="2945" y="1722" width="586" height="518" frameX="256" frameY="-50" frameWidth="586" frameHeight="518"/>
	<SubTexture name="Dad Sing Note RIGHT0010" x="2945" y="1722" width="586" height="518" frameX="256" frameY="-50" frameWidth="586" frameHeight="518"/>
	<SubTexture name="Dad idle dance0000"  x="0" y="0" width="586" height="560" frameX="250" frameY="0" frameWidth="586" frameHeight="560"/>
	<SubTexture name="Dad idle dance0001"  x="0" y="0" width="586" height="560" frameX="250" frameY="0" frameWidth="586" frameHeight="560"/>
	<SubTexture name="Dad idle dance0002" x="587" y="0" width="586" height="560" frameX="250" frameY="0" frameWidth="586" frameHeight="560"/>
	<SubTexture name="Dad idle dance0003" x="587" y="0" width="586" height="560" frameX="250" frameY="0" frameWidth="586" frameHeight="560"/>
	<SubTexture name="Dad idle dance0004" x="1174" y="0" width="586" height="560" frameX="250" frameY="0" frameWidth="586" frameHeight="560"/>
	<SubTexture name="Dad idle dance0005" x="1174" y="0" width="586" height="560" frameX="250" frameY="0" frameWidth="586" frameHeight="560"/>
	<SubTexture name="Dad idle dance0006" x="1761" y="0" width="586" height="560" frameX="250" frameY="0" frameWidth="586" frameHeight="560"/>
	<SubTexture name="Dad idle dance0007" x="1761" y="0" width="586" height="560" frameX="250" frameY="0" frameWidth="586" frameHeight="560"/>
	<SubTexture name="Dad idle dance0008" x="2348" y="0" width="586" height="560" frameX="250" frameY="0" frameWidth="586" frameHeight="560"/>
	<SubTexture name="Dad idle dance0009" x="2348" y="0" width="586" height="560" frameX="250" frameY="0" frameWidth="586" frameHeight="560"/>
	<SubTexture name="Dad idle dance0010" x="2935" y="0" width="586" height="560" frameX="250" frameY="0" frameWidth="586" frameHeight="560"/>
	<SubTexture name="Dad idle dance0011" x="2935" y="0" width="586" height="560" frameX="250" frameY="0" frameWidth="586" frameHeight="560"/>
	<SubTexture name="Dad idle dance0012" x="0" y="0" width="586" height="560" frameX="250" frameY="0" frameWidth="586" frameHeight="560"/>
</TextureAtlas>
