﻿<?xml version="1.0" encoding="utf-8"?>
<TextureAtlas imagePath="matt_assets_player.png">
	<!-- Created with Adobe Animate version 20.0.3.25487 -->
	<!-- http://www.adobe.com/products/animate.html -->
	<SubTexture name="matt down note0000" x="0" y="0" width="296" height="411"/>
	<SubTexture name="matt down note0001" x="0" y="0" width="296" height="411"/>
	<SubTexture name="matt down note0002" x="296" y="0" width="296" height="411"/>
	<SubTexture name="matt down note0003" x="296" y="0" width="296" height="411"/>
	<SubTexture name="matt down note0004" x="296" y="0" width="296" height="411"/>
	<SubTexture name="matt down note0005" x="296" y="0" width="296" height="411"/>
	<SubTexture name="matt down note0006" x="296" y="0" width="296" height="411"/>
	<SubTexture name="matt down note0007" x="296" y="0" width="296" height="411"/>
	<SubTexture name="matt down note0008" x="296" y="0" width="296" height="411"/>
	<SubTexture name="matt down note0009" x="296" y="0" width="296" height="411"/>
	<SubTexture name="matt down note0010" x="296" y="0" width="296" height="411"/>
	<SubTexture name="matt down note0011" x="296" y="0" width="296" height="411"/>
	<SubTexture name="matt down note0012" x="296" y="0" width="296" height="411"/>
	<SubTexture name="matt down note0013" x="296" y="0" width="296" height="411"/>
	<SubTexture name="matt down note0014" x="296" y="0" width="296" height="411"/>
	<SubTexture name="matt down note0015" x="296" y="0" width="296" height="411"/>
	<SubTexture name="matt down note0016" x="296" y="0" width="296" height="411"/>
	<SubTexture name="matt down note0017" x="296" y="0" width="296" height="411"/>
	<SubTexture name="matt down note0018" x="296" y="0" width="296" height="411"/>
	<SubTexture name="matt down note0019" x="296" y="0" width="296" height="411"/>
	<SubTexture name="matt down note0020" x="296" y="0" width="296" height="411"/>
	<SubTexture name="matt down note0021" x="296" y="0" width="296" height="411"/>
	<SubTexture name="matt down note0022" x="296" y="0" width="296" height="411"/>
	<SubTexture name="matt down note0023" x="296" y="0" width="296" height="411"/>
	<SubTexture name="matt idle0000" x="592" y="0" width="367" height="436"/>
	<SubTexture name="matt idle0001" x="592" y="0" width="367" height="436"/>
	<SubTexture name="matt idle0002" x="959" y="0" width="367" height="436"/>
	<SubTexture name="matt idle0003" x="959" y="0" width="367" height="436"/>
	<SubTexture name="matt idle0004" x="1326" y="0" width="367" height="436"/>
	<SubTexture name="matt idle0005" x="1326" y="0" width="367" height="436"/>
	<SubTexture name="matt idle0006" x="0" y="436" width="367" height="436"/>
	<SubTexture name="matt idle0007" x="0" y="436" width="367" height="436"/>
	<SubTexture name="matt idle0008" x="367" y="436" width="367" height="436"/>
	<SubTexture name="matt idle0009" x="367" y="436" width="367" height="436"/>
	<SubTexture name="matt idle0010" x="367" y="436" width="367" height="436"/>
	<SubTexture name="matt idle0011" x="367" y="436" width="367" height="436"/>
	<SubTexture name="matt idle0012" x="367" y="436" width="367" height="436"/>
	<SubTexture name="matt idle0013" x="367" y="436" width="367" height="436"/>
	<SubTexture name="matt left note0000" x="734" y="436" width="413" height="398"/>
	<SubTexture name="matt left note0001" x="734" y="436" width="413" height="398"/>
	<SubTexture name="matt left note0002" x="1147" y="436" width="413" height="398"/>
	<SubTexture name="matt left note0003" x="1147" y="436" width="413" height="398"/>
	<SubTexture name="matt left note0004" x="1147" y="436" width="413" height="398"/>
	<SubTexture name="matt left note0005" x="1147" y="436" width="413" height="398"/>
	<SubTexture name="matt left note0006" x="1147" y="436" width="413" height="398"/>
	<SubTexture name="matt left note0007" x="1147" y="436" width="413" height="398"/>
	<SubTexture name="matt left note0008" x="1147" y="436" width="413" height="398"/>
	<SubTexture name="matt left note0009" x="1147" y="436" width="413" height="398"/>
	<SubTexture name="matt left note0010" x="1147" y="436" width="413" height="398"/>
	<SubTexture name="matt left note0011" x="1147" y="436" width="413" height="398"/>
	<SubTexture name="matt left note0012" x="1147" y="436" width="413" height="398"/>
	<SubTexture name="matt left note0013" x="1147" y="436" width="413" height="398"/>
	<SubTexture name="matt left note0014" x="1147" y="436" width="413" height="398"/>
	<SubTexture name="matt left note0015" x="1147" y="436" width="413" height="398"/>
	<SubTexture name="matt left note0016" x="1147" y="436" width="413" height="398"/>
	<SubTexture name="matt left note0017" x="1147" y="436" width="413" height="398"/>
	<SubTexture name="matt left note0018" x="1147" y="436" width="413" height="398"/>
	<SubTexture name="matt left note0019" x="1147" y="436" width="413" height="398"/>
	<SubTexture name="matt left note0020" x="1147" y="436" width="413" height="398"/>
	<SubTexture name="matt left note0021" x="1147" y="436" width="413" height="398"/>
	<SubTexture name="matt left note0022" x="1147" y="436" width="413" height="398"/>
	<SubTexture name="matt left note0023" x="1147" y="436" width="413" height="398"/>
	<SubTexture name="matt right note0000" x="1560" y="436" width="379" height="413"/>
	<SubTexture name="matt right note0001" x="1560" y="436" width="379" height="413"/>
	<SubTexture name="matt right note0002" x="0" y="872" width="379" height="413"/>
	<SubTexture name="matt right note0003" x="0" y="872" width="379" height="413"/>
	<SubTexture name="matt right note0004" x="0" y="872" width="379" height="413"/>
	<SubTexture name="matt right note0005" x="0" y="872" width="379" height="413"/>
	<SubTexture name="matt right note0006" x="0" y="872" width="379" height="413"/>
	<SubTexture name="matt right note0007" x="0" y="872" width="379" height="413"/>
	<SubTexture name="matt right note0008" x="0" y="872" width="379" height="413"/>
	<SubTexture name="matt right note0009" x="0" y="872" width="379" height="413"/>
	<SubTexture name="matt right note0010" x="0" y="872" width="379" height="413"/>
	<SubTexture name="matt right note0011" x="0" y="872" width="379" height="413"/>
	<SubTexture name="matt right note0012" x="0" y="872" width="379" height="413"/>
	<SubTexture name="matt right note0013" x="0" y="872" width="379" height="413"/>
	<SubTexture name="matt right note0014" x="0" y="872" width="379" height="413"/>
	<SubTexture name="matt right note0015" x="0" y="872" width="379" height="413"/>
	<SubTexture name="matt right note0016" x="0" y="872" width="379" height="413"/>
	<SubTexture name="matt right note0017" x="0" y="872" width="379" height="413"/>
	<SubTexture name="matt right note0018" x="0" y="872" width="379" height="413"/>
	<SubTexture name="matt right note0019" x="0" y="872" width="379" height="413"/>
	<SubTexture name="matt right note0020" x="0" y="872" width="379" height="413"/>
	<SubTexture name="matt right note0021" x="0" y="872" width="379" height="413"/>
	<SubTexture name="matt right note0022" x="0" y="872" width="379" height="413"/>
	<SubTexture name="matt right note0023" x="0" y="872" width="379" height="413"/>
	<SubTexture name="matt up note0000" x="379" y="872" width="311" height="451"/>
	<SubTexture name="matt up note0001" x="379" y="872" width="311" height="451"/>
	<SubTexture name="matt up note0002" x="690" y="872" width="311" height="451"/>
	<SubTexture name="matt up note0003" x="690" y="872" width="311" height="451"/>
	<SubTexture name="matt up note0004" x="690" y="872" width="311" height="451"/>
	<SubTexture name="matt up note0005" x="690" y="872" width="311" height="451"/>
	<SubTexture name="matt up note0006" x="690" y="872" width="311" height="451"/>
	<SubTexture name="matt up note0007" x="690" y="872" width="311" height="451"/>
	<SubTexture name="matt up note0008" x="690" y="872" width="311" height="451"/>
	<SubTexture name="matt up note0009" x="690" y="872" width="311" height="451"/>
	<SubTexture name="matt up note0010" x="690" y="872" width="311" height="451"/>
	<SubTexture name="matt up note0011" x="690" y="872" width="311" height="451"/>
	<SubTexture name="matt up note0012" x="690" y="872" width="311" height="451"/>
	<SubTexture name="matt up note0013" x="690" y="872" width="311" height="451"/>
	<SubTexture name="matt up note0014" x="690" y="872" width="311" height="451"/>
	<SubTexture name="matt up note0015" x="690" y="872" width="311" height="451"/>
	<SubTexture name="matt up note0016" x="690" y="872" width="311" height="451"/>
	<SubTexture name="matt up note0017" x="690" y="872" width="311" height="451"/>
	<SubTexture name="matt up note0018" x="690" y="872" width="311" height="451"/>
	<SubTexture name="matt up note0019" x="690" y="872" width="311" height="451"/>
	<SubTexture name="matt up note0020" x="690" y="872" width="311" height="451"/>
	<SubTexture name="matt up note0021" x="690" y="872" width="311" height="451"/>
	<SubTexture name="matt up note0022" x="690" y="872" width="311" height="451"/>
	<SubTexture name="matt up note0023" x="690" y="872" width="311" height="451"/>
</TextureAtlas>
