﻿<?xml version="1.0" encoding="utf-8"?>
<TextureAtlas imagePath="ruv_sheet_new.png">
	<!-- Created with Adobe Animate version 20.5.1.31044 -->
	<!-- http://www.adobe.com/products/animate.html -->
	<SubTexture name="RuvDown0000" x="6" y="6" width="537" height="721"/>
	<SubTexture name="RuvDown0001" x="6" y="6" width="537" height="721"/>
	<SubTexture name="RuvDown0002" x="549" y="6" width="537" height="721"/>
	<SubTexture name="RuvDown0003" x="549" y="6" width="537" height="721"/>
	<SubTexture name="RuvDown0004" x="549" y="6" width="537" height="721"/>
	<SubTexture name="RuvDown0005" x="549" y="6" width="537" height="721"/>
	<SubTexture name="RuvDown0006" x="549" y="6" width="537" height="721"/>
	<SubTexture name="RuvDown0007" x="549" y="6" width="537" height="721"/>
	<SubTexture name="RuvDown0008" x="549" y="6" width="537" height="721"/>
	<SubTexture name="RuvDown0009" x="549" y="6" width="537" height="721"/>
	<SubTexture name="RuvDown0010" x="549" y="6" width="537" height="721"/>
	<SubTexture name="RuvDown0011" x="549" y="6" width="537" height="721"/>
	<SubTexture name="RuvDown0012" x="549" y="6" width="537" height="721"/>
	<SubTexture name="RuvDown0013" x="549" y="6" width="537" height="721"/>
	<SubTexture name="RuvIdle0000" x="1092" y="6" width="411" height="760"/>
	<SubTexture name="RuvIdle0001" x="1092" y="6" width="411" height="760"/>
	<SubTexture name="RuvIdle0002" x="1509" y="6" width="411" height="760"/>
	<SubTexture name="RuvIdle0003" x="1509" y="6" width="411" height="760"/>
	<SubTexture name="RuvIdle0004" x="1926" y="6" width="411" height="760"/>
	<SubTexture name="RuvIdle0005" x="1926" y="6" width="411" height="760"/>
	<SubTexture name="RuvIdle0006" x="2343" y="6" width="411" height="760"/>
	<SubTexture name="RuvIdle0007" x="2343" y="6" width="411" height="760"/>
	<SubTexture name="RuvLeft0000" x="2760" y="6" width="504" height="753"/>
	<SubTexture name="RuvLeft0001" x="2760" y="6" width="504" height="753"/>
	<SubTexture name="RuvLeft0002" x="3270" y="6" width="504" height="753"/>
	<SubTexture name="RuvLeft0003" x="3270" y="6" width="504" height="753"/>
	<SubTexture name="RuvLeft0004" x="6" y="772" width="504" height="753"/>
	<SubTexture name="RuvLeft0005" x="6" y="772" width="504" height="753"/>
	<SubTexture name="RuvLeft0006" x="6" y="772" width="504" height="753"/>
	<SubTexture name="RuvLeft0007" x="6" y="772" width="504" height="753"/>
	<SubTexture name="RuvLeft0008" x="6" y="772" width="504" height="753"/>
	<SubTexture name="RuvLeft0009" x="6" y="772" width="504" height="753"/>
	<SubTexture name="RuvLeft0010" x="6" y="772" width="504" height="753"/>
	<SubTexture name="RuvLeft0011" x="6" y="772" width="504" height="753"/>
	<SubTexture name="RuvLeft0012" x="6" y="772" width="504" height="753"/>
	<SubTexture name="RuvLeft0013" x="6" y="772" width="504" height="753"/>
	<SubTexture name="RuvRight0000" x="516" y="772" width="495" height="796"/>
	<SubTexture name="RuvRight0001" x="516" y="772" width="495" height="796"/>
	<SubTexture name="RuvRight0002" x="1017" y="772" width="495" height="796"/>
	<SubTexture name="RuvRight0003" x="1017" y="772" width="495" height="796"/>
	<SubTexture name="RuvRight0004" x="1518" y="772" width="495" height="796"/>
	<SubTexture name="RuvRight0005" x="1518" y="772" width="495" height="796"/>
	<SubTexture name="RuvRight0006" x="1518" y="772" width="495" height="796"/>
	<SubTexture name="RuvRight0007" x="1518" y="772" width="495" height="796"/>
	<SubTexture name="RuvRight0008" x="1518" y="772" width="495" height="796"/>
	<SubTexture name="RuvRight0009" x="1518" y="772" width="495" height="796"/>
	<SubTexture name="RuvRight0010" x="1518" y="772" width="495" height="796"/>
	<SubTexture name="RuvRight0011" x="1518" y="772" width="495" height="796"/>
	<SubTexture name="RuvRight0012" x="1518" y="772" width="495" height="796"/>
	<SubTexture name="RuvRight0013" x="1518" y="772" width="495" height="796"/>
	<SubTexture name="RuvUp0000" x="2019" y="772" width="576" height="848"/>
	<SubTexture name="RuvUp0001" x="2019" y="772" width="576" height="848"/>
	<SubTexture name="RuvUp0002" x="2601" y="772" width="576" height="848"/>
	<SubTexture name="RuvUp0003" x="2601" y="772" width="576" height="848"/>
	<SubTexture name="RuvUp0004" x="3183" y="772" width="576" height="848"/>
	<SubTexture name="RuvUp0005" x="3183" y="772" width="576" height="848"/>
	<SubTexture name="RuvUp0006" x="3183" y="772" width="576" height="848"/>
	<SubTexture name="RuvUp0007" x="3183" y="772" width="576" height="848"/>
	<SubTexture name="RuvUp0008" x="3183" y="772" width="576" height="848"/>
	<SubTexture name="RuvUp0009" x="3183" y="772" width="576" height="848"/>
	<SubTexture name="RuvUp0010" x="3183" y="772" width="576" height="848"/>
	<SubTexture name="RuvUp0011" x="3183" y="772" width="576" height="848"/>
	<SubTexture name="RuvUp0012" x="3183" y="772" width="576" height="848"/>
</TextureAtlas>
