﻿<?xml version="1.0" encoding="utf-8"?>
<TextureAtlas imagePath="sans.png">
	<!-- Created with Adobe Animate version 21.0.4.39603 -->
	<!-- http://www.adobe.com/products/animate.html -->
	<SubTexture name="BF NOTE DOWN MISS0000" x="0" y="0" width="324" height="414" frameX="-4" frameY="0" frameWidth="378" frameHeight="392"/>
	<SubTexture name="BF NOTE DOWN MISS0001" x="626" y="0" width="328" height="414" frameX="0" frameY="0" frameWidth="378" frameHeight="392"/>
	<SubTexture name="BF NOTE DOWN MISS0002" x="626" y="0" width="328" height="414" frameX="0" frameY="0" frameWidth="378" frameHeight="392"/>
	<SubTexture name="BF NOTE DOWN MISS0003" x="955" y="0" width="328" height="414" frameX="0" frameY="0" frameWidth="378" frameHeight="392"/>
	<SubTexture name="BF NOTE DOWN MISS0004" x="955" y="0" width="328" height="414" frameX="0" frameY="0" frameWidth="378" frameHeight="392"/>
	<SubTexture name="BF NOTE DOWN MISS0005" x="955" y="0" width="328" height="414" frameX="0" frameY="0" frameWidth="378" frameHeight="392"/>
	<SubTexture name="BF NOTE DOWN MISS0006" x="955" y="0" width="328" height="414" frameX="0" frameY="0" frameWidth="378" frameHeight="392"/>
	<SubTexture name="BF NOTE DOWN MISS0007" x="955" y="0" width="328" height="414" frameX="0" frameY="0" frameWidth="378" frameHeight="392"/>
	<SubTexture name="BF NOTE DOWN MISS0008" x="955" y="0" width="328" height="414" frameX="0" frameY="0" frameWidth="378" frameHeight="392"/>
	<SubTexture name="BF NOTE DOWN MISS0009" x="955" y="0" width="328" height="414" frameX="0" frameY="0" frameWidth="378" frameHeight="392"/>
	<SubTexture name="BF NOTE DOWN MISS0010" x="955" y="0" width="328" height="414" frameX="0" frameY="0" frameWidth="378" frameHeight="392"/>
	<SubTexture name="BF NOTE DOWN MISS0011" x="955" y="0" width="328" height="414" frameX="0" frameY="0" frameWidth="378" frameHeight="392"/>
	<SubTexture name="BF NOTE DOWN MISS0012" x="955" y="0" width="328" height="414" frameX="0" frameY="0" frameWidth="378" frameHeight="392"/>
	<SubTexture name="BF NOTE DOWN MISS0013" x="955" y="0" width="328" height="414" frameX="0" frameY="0" frameWidth="378" frameHeight="392"/>
	<SubTexture name="BF NOTE DOWN MISS0014" x="955" y="0" width="328" height="414" frameX="0" frameY="0" frameWidth="378" frameHeight="392"/>
	<SubTexture name="BF NOTE DOWN MISS0015" x="955" y="0" width="328" height="414" frameX="0" frameY="0" frameWidth="378" frameHeight="392"/>
	<SubTexture name="BF NOTE DOWN MISS0016" x="955" y="0" width="328" height="414" frameX="0" frameY="0" frameWidth="378" frameHeight="392"/>
	<SubTexture name="BF NOTE DOWN MISS0017" x="955" y="0" width="328" height="414" frameX="0" frameY="0" frameWidth="378" frameHeight="392"/>
	<SubTexture name="BF NOTE DOWN MISS0018" x="955" y="0" width="328" height="414" frameX="0" frameY="0" frameWidth="378" frameHeight="392"/>
	<SubTexture name="BF NOTE DOWN MISS0019" x="955" y="0" width="328" height="414" frameX="0" frameY="0" frameWidth="378" frameHeight="392"/>
	<SubTexture name="BF NOTE DOWN MISS0020" x="955" y="0" width="328" height="414" frameX="0" frameY="0" frameWidth="378" frameHeight="392"/>
	<SubTexture name="BF NOTE DOWN MISS0021" x="955" y="0" width="328" height="414" frameX="0" frameY="0" frameWidth="378" frameHeight="392"/>
	<SubTexture name="BF NOTE DOWN MISS0022" x="955" y="0" width="328" height="414" frameX="0" frameY="0" frameWidth="378" frameHeight="392"/>
	<SubTexture name="BF NOTE DOWN MISS0023" x="955" y="0" width="328" height="414" frameX="0" frameY="0" frameWidth="378" frameHeight="392"/>
	<SubTexture name="BF NOTE DOWN MISS0024" x="955" y="0" width="328" height="414" frameX="0" frameY="0" frameWidth="378" frameHeight="392"/>
	<SubTexture name="BF NOTE DOWN MISS0025" x="955" y="0" width="328" height="414" frameX="0" frameY="0" frameWidth="378" frameHeight="392"/>
	<SubTexture name="BF NOTE DOWN MISS0026" x="955" y="0" width="328" height="414" frameX="0" frameY="0" frameWidth="378" frameHeight="392"/>
	<SubTexture name="BF NOTE DOWN MISS0027" x="955" y="0" width="328" height="414" frameX="0" frameY="0" frameWidth="378" frameHeight="392"/>
	<SubTexture name="BF NOTE DOWN MISS0028" x="955" y="0" width="328" height="414" frameX="0" frameY="0" frameWidth="378" frameHeight="392"/>
	<SubTexture name="BF NOTE DOWN00000" x="0" y="0" width="324" height="414" frameX="12" frameY="0" frameWidth="375" frameHeight="372"/>
	<SubTexture name="BF NOTE DOWN00001" x="0" y="0" width="324" height="414" frameX="12" frameY="0" frameWidth="375" frameHeight="372"/>
	<SubTexture name="BF NOTE DOWN00002" x="325" y="0" width="300" height="414" frameX="0" frameY="0" frameWidth="375" frameHeight="372"/>
	<SubTexture name="BF NOTE DOWN00003" x="325" y="0" width="300" height="414" frameX="0" frameY="0" frameWidth="375" frameHeight="372"/>
	<SubTexture name="BF NOTE DOWN00004" x="325" y="0" width="300" height="414" frameX="0" frameY="0" frameWidth="375" frameHeight="372"/>
	<SubTexture name="BF NOTE DOWN00005" x="325" y="0" width="300" height="414" frameX="0" frameY="0" frameWidth="375" frameHeight="372"/>
	<SubTexture name="BF NOTE DOWN00006" x="325" y="0" width="300" height="414" frameX="0" frameY="0" frameWidth="375" frameHeight="372"/>
	<SubTexture name="BF NOTE DOWN00007" x="325" y="0" width="300" height="414" frameX="0" frameY="0" frameWidth="375" frameHeight="372"/>
	<SubTexture name="BF NOTE DOWN00008" x="325" y="0" width="300" height="414" frameX="0" frameY="0" frameWidth="375" frameHeight="372"/>
	<SubTexture name="BF NOTE DOWN00009" x="325" y="0" width="300" height="414" frameX="0" frameY="0" frameWidth="375" frameHeight="372"/>
	<SubTexture name="BF NOTE DOWN00010" x="325" y="0" width="300" height="414" frameX="0" frameY="0" frameWidth="375" frameHeight="372"/>
	<SubTexture name="BF NOTE DOWN00011" x="325" y="0" width="300" height="414" frameX="0" frameY="0" frameWidth="375" frameHeight="372"/>
	<SubTexture name="BF NOTE DOWN00012" x="325" y="0" width="300" height="414" frameX="0" frameY="0" frameWidth="375" frameHeight="372"/>
	<SubTexture name="BF NOTE DOWN00013" x="325" y="0" width="300" height="414" frameX="0" frameY="0" frameWidth="375" frameHeight="372"/>
	<SubTexture name="BF NOTE DOWN00014" x="325" y="0" width="300" height="414" frameX="0" frameY="0" frameWidth="375" frameHeight="372"/>
	<SubTexture name="BF NOTE DOWN00015" x="325" y="0" width="300" height="414" frameX="0" frameY="0" frameWidth="375" frameHeight="372"/>
	<SubTexture name="BF NOTE DOWN00016" x="325" y="0" width="300" height="414" frameX="0" frameY="0" frameWidth="375" frameHeight="372"/>
	<SubTexture name="BF NOTE DOWN00017" x="325" y="0" width="300" height="414" frameX="0" frameY="0" frameWidth="375" frameHeight="372"/>
	<SubTexture name="BF NOTE DOWN00018" x="325" y="0" width="300" height="414" frameX="0" frameY="0" frameWidth="375" frameHeight="372"/>
	<SubTexture name="BF NOTE DOWN00019" x="325" y="0" width="300" height="414" frameX="0" frameY="0" frameWidth="375" frameHeight="372"/>
	<SubTexture name="BF NOTE DOWN00020" x="325" y="0" width="300" height="414" frameX="0" frameY="0" frameWidth="375" frameHeight="372"/>
	<SubTexture name="BF NOTE DOWN00021" x="325" y="0" width="300" height="414" frameX="0" frameY="0" frameWidth="375" frameHeight="372"/>
	<SubTexture name="BF NOTE DOWN00022" x="325" y="0" width="300" height="414" frameX="0" frameY="0" frameWidth="375" frameHeight="372"/>
	<SubTexture name="BF NOTE DOWN00023" x="325" y="0" width="300" height="414" frameX="0" frameY="0" frameWidth="375" frameHeight="372"/>
	<SubTexture name="BF NOTE DOWN00024" x="325" y="0" width="300" height="414" frameX="0" frameY="0" frameWidth="375" frameHeight="372"/>
	<SubTexture name="BF NOTE DOWN00025" x="325" y="0" width="300" height="414" frameX="0" frameY="0" frameWidth="375" frameHeight="372"/>
	<SubTexture name="BF NOTE DOWN00026" x="325" y="0" width="300" height="414" frameX="0" frameY="0" frameWidth="375" frameHeight="372"/>
	<SubTexture name="BF NOTE DOWN00027" x="325" y="0" width="300" height="414" frameX="0" frameY="0" frameWidth="375" frameHeight="372"/>
	<SubTexture name="BF NOTE DOWN00028" x="325" y="0" width="300" height="414" frameX="0" frameY="0" frameWidth="375" frameHeight="372"/>
	<SubTexture name="BF NOTE DOWN00029" x="325" y="0" width="300" height="414" frameX="0" frameY="0" frameWidth="375" frameHeight="372"/>
	<SubTexture name="BF NOTE LEFT MISS0000" x="1284" y="0" width="386" height="414" frameX="-2" frameY="0" frameWidth="431" frameHeight="433"/>
	<SubTexture name="BF NOTE LEFT MISS0001" x="2061" y="0" width="388" height="414" frameX="0" frameY="0" frameWidth="431" frameHeight="433"/>
	<SubTexture name="BF NOTE LEFT MISS0002" x="2061" y="0" width="388" height="414" frameX="0" frameY="0" frameWidth="431" frameHeight="433"/>
	<SubTexture name="BF NOTE LEFT MISS0003" x="2450" y="0" width="388" height="414" frameX="0" frameY="0" frameWidth="431" frameHeight="433"/>
	<SubTexture name="BF NOTE LEFT MISS0004" x="2450" y="0" width="388" height="414" frameX="0" frameY="0" frameWidth="431" frameHeight="433"/>
	<SubTexture name="BF NOTE LEFT MISS0005" x="2450" y="0" width="388" height="414" frameX="0" frameY="0" frameWidth="431" frameHeight="433"/>
	<SubTexture name="BF NOTE LEFT MISS0006" x="2450" y="0" width="388" height="414" frameX="0" frameY="0" frameWidth="431" frameHeight="433"/>
	<SubTexture name="BF NOTE LEFT MISS0007" x="2450" y="0" width="388" height="414" frameX="0" frameY="0" frameWidth="431" frameHeight="433"/>
	<SubTexture name="BF NOTE LEFT MISS0008" x="2450" y="0" width="388" height="414" frameX="0" frameY="0" frameWidth="431" frameHeight="433"/>
	<SubTexture name="BF NOTE LEFT MISS0009" x="2450" y="0" width="388" height="414" frameX="0" frameY="0" frameWidth="431" frameHeight="433"/>
	<SubTexture name="BF NOTE LEFT MISS0010" x="2450" y="0" width="388" height="414" frameX="0" frameY="0" frameWidth="431" frameHeight="433"/>
	<SubTexture name="BF NOTE LEFT MISS0011" x="2450" y="0" width="388" height="414" frameX="0" frameY="0" frameWidth="431" frameHeight="433"/>
	<SubTexture name="BF NOTE LEFT MISS0012" x="2450" y="0" width="388" height="414" frameX="0" frameY="0" frameWidth="431" frameHeight="433"/>
	<SubTexture name="BF NOTE LEFT MISS0013" x="2450" y="0" width="388" height="414" frameX="0" frameY="0" frameWidth="431" frameHeight="433"/>
	<SubTexture name="BF NOTE LEFT MISS0014" x="2450" y="0" width="388" height="414" frameX="0" frameY="0" frameWidth="431" frameHeight="433"/>
	<SubTexture name="BF NOTE LEFT MISS0015" x="2450" y="0" width="388" height="414" frameX="0" frameY="0" frameWidth="431" frameHeight="433"/>
	<SubTexture name="BF NOTE LEFT MISS0016" x="2450" y="0" width="388" height="414" frameX="0" frameY="0" frameWidth="431" frameHeight="433"/>
	<SubTexture name="BF NOTE LEFT MISS0017" x="2450" y="0" width="388" height="414" frameX="0" frameY="0" frameWidth="431" frameHeight="433"/>
	<SubTexture name="BF NOTE LEFT MISS0018" x="2450" y="0" width="388" height="414" frameX="0" frameY="0" frameWidth="431" frameHeight="433"/>
	<SubTexture name="BF NOTE LEFT MISS0019" x="2450" y="0" width="388" height="414" frameX="0" frameY="0" frameWidth="431" frameHeight="433"/>
	<SubTexture name="BF NOTE LEFT MISS0020" x="2450" y="0" width="388" height="414" frameX="0" frameY="0" frameWidth="431" frameHeight="433"/>
	<SubTexture name="BF NOTE LEFT MISS0021" x="2450" y="0" width="388" height="414" frameX="0" frameY="0" frameWidth="431" frameHeight="433"/>
	<SubTexture name="BF NOTE LEFT MISS0022" x="2450" y="0" width="388" height="414" frameX="0" frameY="0" frameWidth="431" frameHeight="433"/>
	<SubTexture name="BF NOTE LEFT MISS0023" x="2450" y="0" width="388" height="414" frameX="0" frameY="0" frameWidth="431" frameHeight="433"/>
	<SubTexture name="BF NOTE LEFT MISS0024" x="2450" y="0" width="388" height="414" frameX="0" frameY="0" frameWidth="431" frameHeight="433"/>
	<SubTexture name="BF NOTE LEFT MISS0025" x="2450" y="0" width="388" height="414" frameX="0" frameY="0" frameWidth="431" frameHeight="433"/>
	<SubTexture name="BF NOTE LEFT MISS0026" x="2450" y="0" width="388" height="414" frameX="0" frameY="0" frameWidth="431" frameHeight="433"/>
	<SubTexture name="BF NOTE LEFT MISS0027" x="2450" y="0" width="388" height="414" frameX="0" frameY="0" frameWidth="431" frameHeight="433"/>
	<SubTexture name="BF NOTE LEFT MISS0028" x="2450" y="0" width="388" height="414" frameX="0" frameY="0" frameWidth="431" frameHeight="433"/>
	<SubTexture name="BF NOTE LEFT MISS0029" x="2450" y="0" width="388" height="414" frameX="0" frameY="0" frameWidth="431" frameHeight="433"/>
	<SubTexture name="BF NOTE LEFT MISS0030" x="2450" y="0" width="388" height="414" frameX="0" frameY="0" frameWidth="431" frameHeight="433"/>
	<SubTexture name="BF NOTE LEFT MISS0031" x="2450" y="0" width="388" height="414" frameX="0" frameY="0" frameWidth="431" frameHeight="433"/>
	<SubTexture name="BF NOTE LEFT MISS0032" x="2450" y="0" width="388" height="414" frameX="0" frameY="0" frameWidth="431" frameHeight="433"/>
	<SubTexture name="BF NOTE LEFT MISS0033" x="2450" y="0" width="388" height="414" frameX="0" frameY="0" frameWidth="431" frameHeight="433"/>
	<SubTexture name="BF NOTE LEFT00000" x="1284" y="0" width="386" height="414" frameX="0" frameY="0" frameWidth="431" frameHeight="414"/>
	<SubTexture name="BF NOTE LEFT00001" x="1284" y="0" width="386" height="414" frameX="0" frameY="0" frameWidth="431" frameHeight="414"/>
	<SubTexture name="BF NOTE LEFT00002" x="1671" y="0" width="389" height="414" frameX="0" frameY="0" frameWidth="431" frameHeight="414"/>
	<SubTexture name="BF NOTE LEFT00003" x="1671" y="0" width="389" height="414" frameX="0" frameY="0" frameWidth="431" frameHeight="414"/>
	<SubTexture name="BF NOTE LEFT00004" x="1671" y="0" width="389" height="414" frameX="0" frameY="0" frameWidth="431" frameHeight="414"/>
	<SubTexture name="BF NOTE LEFT00005" x="1671" y="0" width="389" height="414" frameX="0" frameY="0" frameWidth="431" frameHeight="414"/>
	<SubTexture name="BF NOTE LEFT00006" x="1671" y="0" width="389" height="414" frameX="0" frameY="0" frameWidth="431" frameHeight="414"/>
	<SubTexture name="BF NOTE LEFT00007" x="1671" y="0" width="389" height="414" frameX="0" frameY="0" frameWidth="431" frameHeight="414"/>
	<SubTexture name="BF NOTE LEFT00008" x="1671" y="0" width="389" height="414" frameX="0" frameY="0" frameWidth="431" frameHeight="414"/>
	<SubTexture name="BF NOTE LEFT00009" x="1671" y="0" width="389" height="414" frameX="0" frameY="0" frameWidth="431" frameHeight="414"/>
	<SubTexture name="BF NOTE LEFT00010" x="1671" y="0" width="389" height="414" frameX="0" frameY="0" frameWidth="431" frameHeight="414"/>
	<SubTexture name="BF NOTE LEFT00011" x="1671" y="0" width="389" height="414" frameX="0" frameY="0" frameWidth="431" frameHeight="414"/>
	<SubTexture name="BF NOTE LEFT00012" x="1671" y="0" width="389" height="414" frameX="0" frameY="0" frameWidth="431" frameHeight="414"/>
	<SubTexture name="BF NOTE LEFT00013" x="1671" y="0" width="389" height="414" frameX="0" frameY="0" frameWidth="431" frameHeight="414"/>
	<SubTexture name="BF NOTE LEFT00014" x="1671" y="0" width="389" height="414" frameX="0" frameY="0" frameWidth="431" frameHeight="414"/>
	<SubTexture name="BF NOTE RIGHT MISS0000" x="0" y="416" width="291" height="447" frameX="-8" frameY="0" frameWidth="415" frameHeight="438"/>
	<SubTexture name="BF NOTE RIGHT MISS0001" x="582" y="416" width="303" height="447" frameX="0" frameY="0" frameWidth="415" frameHeight="438"/>
	<SubTexture name="BF NOTE RIGHT MISS0002" x="582" y="416" width="303" height="447" frameX="0" frameY="0" frameWidth="415" frameHeight="438"/>
	<SubTexture name="BF NOTE RIGHT MISS0003" x="886" y="416" width="303" height="447" frameX="0" frameY="0" frameWidth="415" frameHeight="438"/>
	<SubTexture name="BF NOTE RIGHT MISS0004" x="886" y="416" width="303" height="447" frameX="0" frameY="0" frameWidth="415" frameHeight="438"/>
	<SubTexture name="BF NOTE RIGHT MISS0005" x="886" y="416" width="303" height="447" frameX="0" frameY="0" frameWidth="415" frameHeight="438"/>
	<SubTexture name="BF NOTE RIGHT MISS0006" x="886" y="416" width="303" height="447" frameX="0" frameY="0" frameWidth="415" frameHeight="438"/>
	<SubTexture name="BF NOTE RIGHT MISS0007" x="886" y="416" width="303" height="447" frameX="0" frameY="0" frameWidth="415" frameHeight="438"/>
	<SubTexture name="BF NOTE RIGHT MISS0008" x="886" y="416" width="303" height="447" frameX="0" frameY="0" frameWidth="415" frameHeight="438"/>
	<SubTexture name="BF NOTE RIGHT MISS0009" x="886" y="416" width="303" height="447" frameX="0" frameY="0" frameWidth="415" frameHeight="438"/>
	<SubTexture name="BF NOTE RIGHT MISS0010" x="886" y="416" width="303" height="447" frameX="0" frameY="0" frameWidth="415" frameHeight="438"/>
	<SubTexture name="BF NOTE RIGHT MISS0011" x="886" y="416" width="303" height="447" frameX="0" frameY="0" frameWidth="415" frameHeight="438"/>
	<SubTexture name="BF NOTE RIGHT MISS0012" x="886" y="416" width="303" height="447" frameX="0" frameY="0" frameWidth="415" frameHeight="438"/>
	<SubTexture name="BF NOTE RIGHT MISS0013" x="886" y="416" width="303" height="447" frameX="0" frameY="0" frameWidth="415" frameHeight="438"/>
	<SubTexture name="BF NOTE RIGHT MISS0014" x="886" y="416" width="303" height="447" frameX="0" frameY="0" frameWidth="415" frameHeight="438"/>
	<SubTexture name="BF NOTE RIGHT MISS0015" x="886" y="416" width="303" height="447" frameX="0" frameY="0" frameWidth="415" frameHeight="438"/>
	<SubTexture name="BF NOTE RIGHT MISS0016" x="886" y="416" width="303" height="447" frameX="0" frameY="0" frameWidth="415" frameHeight="438"/>
	<SubTexture name="BF NOTE RIGHT MISS0017" x="886" y="416" width="303" height="447" frameX="0" frameY="0" frameWidth="415" frameHeight="438"/>
	<SubTexture name="BF NOTE RIGHT MISS0018" x="886" y="416" width="303" height="447" frameX="0" frameY="0" frameWidth="415" frameHeight="438"/>
	<SubTexture name="BF NOTE RIGHT MISS0019" x="886" y="416" width="303" height="447" frameX="0" frameY="0" frameWidth="415" frameHeight="438"/>
	<SubTexture name="BF NOTE RIGHT MISS0020" x="886" y="416" width="303" height="447" frameX="0" frameY="0" frameWidth="415" frameHeight="438"/>
	<SubTexture name="BF NOTE RIGHT MISS0021" x="886" y="416" width="303" height="447" frameX="0" frameY="0" frameWidth="415" frameHeight="438"/>
	<SubTexture name="BF NOTE RIGHT MISS0022" x="886" y="416" width="303" height="447" frameX="0" frameY="0" frameWidth="415" frameHeight="438"/>
	<SubTexture name="BF NOTE RIGHT MISS0023" x="886" y="416" width="303" height="447" frameX="0" frameY="0" frameWidth="415" frameHeight="438"/>
	<SubTexture name="BF NOTE RIGHT MISS0024" x="886" y="416" width="303" height="447" frameX="0" frameY="0" frameWidth="415" frameHeight="438"/>
	<SubTexture name="BF NOTE RIGHT MISS0025" x="886" y="416" width="303" height="447" frameX="0" frameY="0" frameWidth="415" frameHeight="438"/>
	<SubTexture name="BF NOTE RIGHT MISS0026" x="886" y="416" width="303" height="447" frameX="0" frameY="0" frameWidth="415" frameHeight="438"/>
	<SubTexture name="BF NOTE RIGHT MISS0027" x="886" y="416" width="303" height="447" frameX="0" frameY="0" frameWidth="415" frameHeight="438"/>
	<SubTexture name="BF NOTE RIGHT MISS0028" x="886" y="416" width="303" height="447" frameX="0" frameY="0" frameWidth="415" frameHeight="438"/>
	<SubTexture name="BF NOTE RIGHT MISS0029" x="886" y="416" width="303" height="447" frameX="0" frameY="0" frameWidth="415" frameHeight="438"/>
	<SubTexture name="BF NOTE RIGHT MISS0030" x="886" y="416" width="303" height="447" frameX="0" frameY="0" frameWidth="415" frameHeight="438"/>
	<SubTexture name="BF NOTE RIGHT MISS0031" x="886" y="416" width="303" height="447" frameX="0" frameY="0" frameWidth="415" frameHeight="438"/>
	<SubTexture name="BF NOTE RIGHT MISS0032" x="886" y="416" width="303" height="447" frameX="0" frameY="0" frameWidth="415" frameHeight="438"/>
	<SubTexture name="BF NOTE RIGHT MISS0033" x="886" y="416" width="303" height="447" frameX="0" frameY="0" frameWidth="415" frameHeight="438"/>
	<SubTexture name="BF NOTE RIGHT MISS0034" x="886" y="416" width="303" height="447" frameX="0" frameY="0" frameWidth="415" frameHeight="438"/>
	<SubTexture name="BF NOTE RIGHT MISS0035" x="886" y="416" width="303" height="447" frameX="0" frameY="0" frameWidth="415" frameHeight="438"/>
	<SubTexture name="BF NOTE RIGHT MISS0036" x="886" y="416" width="303" height="447" frameX="0" frameY="0" frameWidth="415" frameHeight="438"/>
	<SubTexture name="BF NOTE RIGHT MISS0037" x="886" y="416" width="303" height="447" frameX="0" frameY="0" frameWidth="415" frameHeight="438"/>
	<SubTexture name="BF NOTE RIGHT MISS0038" x="886" y="416" width="303" height="447" frameX="0" frameY="0" frameWidth="415" frameHeight="438"/>
	<SubTexture name="BF NOTE RIGHT MISS0039" x="886" y="416" width="303" height="447" frameX="0" frameY="0" frameWidth="415" frameHeight="438"/>
	<SubTexture name="BF NOTE RIGHT MISS0040" x="886" y="416" width="303" height="447" frameX="0" frameY="0" frameWidth="415" frameHeight="438"/>
	<SubTexture name="BF NOTE RIGHT MISS0041" x="886" y="416" width="303" height="447" frameX="0" frameY="0" frameWidth="415" frameHeight="438"/>
	<SubTexture name="BF NOTE RIGHT MISS0042" x="886" y="416" width="303" height="447" frameX="0" frameY="0" frameWidth="415" frameHeight="438"/>
	<SubTexture name="BF NOTE RIGHT MISS0043" x="886" y="416" width="303" height="447" frameX="0" frameY="0" frameWidth="415" frameHeight="438"/>
	<SubTexture name="BF NOTE RIGHT MISS0044" x="886" y="416" width="303" height="447" frameX="0" frameY="0" frameWidth="415" frameHeight="438"/>
	<SubTexture name="BF NOTE RIGHT MISS0045" x="886" y="416" width="303" height="447" frameX="0" frameY="0" frameWidth="415" frameHeight="438"/>
	<SubTexture name="BF NOTE RIGHT00000" x="0" y="416" width="291" height="447" frameX="0" frameY="0" frameWidth="415" frameHeight="438"/>
	<SubTexture name="BF NOTE RIGHT00001" x="0" y="416" width="291" height="447" frameX="0" frameY="0" frameWidth="415" frameHeight="438"/>
	<SubTexture name="BF NOTE RIGHT00002" x="292" y="416" width="289" height="447" frameX="0" frameY="0" frameWidth="409" frameHeight="408"/>
	<SubTexture name="BF NOTE RIGHT00003" x="292" y="416" width="289" height="447" frameX="0" frameY="0" frameWidth="409" frameHeight="408"/>
	<SubTexture name="BF NOTE RIGHT00004" x="292" y="416" width="289" height="447" frameX="0" frameY="0" frameWidth="409" frameHeight="408"/>
	<SubTexture name="BF NOTE RIGHT00005" x="292" y="416" width="289" height="447" frameX="0" frameY="0" frameWidth="409" frameHeight="408"/>
	<SubTexture name="BF NOTE RIGHT00006" x="292" y="416" width="289" height="447" frameX="0" frameY="0" frameWidth="409" frameHeight="408"/>
	<SubTexture name="BF NOTE RIGHT00007" x="292" y="416" width="289" height="447" frameX="0" frameY="0" frameWidth="409" frameHeight="408"/>
	<SubTexture name="BF NOTE RIGHT00008" x="292" y="416" width="289" height="447" frameX="0" frameY="0" frameWidth="409" frameHeight="408"/>
	<SubTexture name="BF NOTE RIGHT00009" x="292" y="416" width="289" height="447" frameX="0" frameY="0" frameWidth="409" frameHeight="408"/>
	<SubTexture name="BF NOTE RIGHT00010" x="292" y="416" width="289" height="447" frameX="0" frameY="0" frameWidth="409" frameHeight="408"/>
	<SubTexture name="BF NOTE RIGHT00011" x="292" y="416" width="289" height="447" frameX="0" frameY="0" frameWidth="409" frameHeight="408"/>
	<SubTexture name="BF NOTE RIGHT00012" x="292" y="416" width="289" height="447" frameX="0" frameY="0" frameWidth="409" frameHeight="408"/>
	<SubTexture name="BF NOTE RIGHT00013" x="292" y="416" width="289" height="447" frameX="0" frameY="0" frameWidth="409" frameHeight="408"/>
	<SubTexture name="BF NOTE RIGHT00014" x="292" y="416" width="289" height="447" frameX="0" frameY="0" frameWidth="409" frameHeight="408"/>
	<SubTexture name="BF NOTE RIGHT00015" x="292" y="416" width="289" height="447" frameX="0" frameY="0" frameWidth="409" frameHeight="408"/>
	<SubTexture name="BF NOTE RIGHT00016" x="292" y="416" width="289" height="447" frameX="0" frameY="0" frameWidth="409" frameHeight="408"/>
	<SubTexture name="BF NOTE RIGHT00017" x="292" y="416" width="289" height="447" frameX="0" frameY="0" frameWidth="409" frameHeight="408"/>
	<SubTexture name="BF NOTE RIGHT00018" x="292" y="416" width="289" height="447" frameX="0" frameY="0" frameWidth="409" frameHeight="408"/>
	<SubTexture name="BF NOTE RIGHT00019" x="292" y="416" width="289" height="447" frameX="0" frameY="0" frameWidth="409" frameHeight="408"/>
	<SubTexture name="BF NOTE RIGHT00020" x="292" y="416" width="289" height="447" frameX="0" frameY="0" frameWidth="409" frameHeight="408"/>
	<SubTexture name="BF NOTE RIGHT00021" x="292" y="416" width="289" height="447" frameX="0" frameY="0" frameWidth="409" frameHeight="408"/>
	<SubTexture name="BF NOTE RIGHT00022" x="292" y="416" width="289" height="447" frameX="0" frameY="0" frameWidth="409" frameHeight="408"/>
	<SubTexture name="BF NOTE RIGHT00023" x="292" y="416" width="289" height="447" frameX="0" frameY="0" frameWidth="409" frameHeight="408"/>
	<SubTexture name="BF NOTE RIGHT00024" x="292" y="416" width="289" height="447" frameX="0" frameY="0" frameWidth="409" frameHeight="408"/>
	<SubTexture name="BF NOTE RIGHT00025" x="292" y="416" width="289" height="447" frameX="0" frameY="0" frameWidth="409" frameHeight="408"/>
	<SubTexture name="BF NOTE RIGHT00026" x="292" y="416" width="289" height="447" frameX="0" frameY="0" frameWidth="409" frameHeight="408"/>
	<SubTexture name="BF NOTE RIGHT00027" x="292" y="416" width="289" height="447" frameX="0" frameY="0" frameWidth="409" frameHeight="408"/>
	<SubTexture name="BF NOTE RIGHT00028" x="292" y="416" width="289" height="447" frameX="0" frameY="0" frameWidth="409" frameHeight="408"/>
	<SubTexture name="BF NOTE RIGHT00029" x="292" y="416" width="289" height="447" frameX="0" frameY="0" frameWidth="409" frameHeight="408"/>
	<SubTexture name="BF NOTE RIGHT00030" x="292" y="416" width="289" height="447" frameX="0" frameY="0" frameWidth="409" frameHeight="408"/>
	<SubTexture name="BF NOTE RIGHT00031" x="292" y="416" width="289" height="447" frameX="0" frameY="0" frameWidth="409" frameHeight="408"/>
	<SubTexture name="BF NOTE RIGHT00032" x="292" y="416" width="289" height="447" frameX="0" frameY="0" frameWidth="409" frameHeight="408"/>
	<SubTexture name="BF NOTE RIGHT00033" x="292" y="416" width="289" height="447" frameX="0" frameY="0" frameWidth="409" frameHeight="408"/>
	<SubTexture name="BF NOTE RIGHT00034" x="292" y="416" width="289" height="447" frameX="0" frameY="0" frameWidth="409" frameHeight="408"/>
	<SubTexture name="BF NOTE RIGHT00035" x="292" y="416" width="289" height="447" frameX="0" frameY="0" frameWidth="409" frameHeight="408"/>
	<SubTexture name="BF NOTE RIGHT00036" x="292" y="416" width="289" height="447" frameX="0" frameY="0" frameWidth="409" frameHeight="408"/>
	<SubTexture name="BF NOTE RIGHT00037" x="292" y="416" width="289" height="447" frameX="0" frameY="0" frameWidth="409" frameHeight="408"/>
	<SubTexture name="BF NOTE RIGHT00038" x="292" y="416" width="289" height="447" frameX="0" frameY="0" frameWidth="409" frameHeight="408"/>
	<SubTexture name="BF NOTE RIGHT00039" x="292" y="416" width="289" height="447" frameX="0" frameY="0" frameWidth="409" frameHeight="408"/>
	<SubTexture name="BF NOTE RIGHT00040" x="292" y="416" width="289" height="447" frameX="0" frameY="0" frameWidth="409" frameHeight="408"/>
	<SubTexture name="BF NOTE RIGHT00041" x="292" y="416" width="289" height="447" frameX="0" frameY="0" frameWidth="409" frameHeight="408"/>
	<SubTexture name="BF NOTE RIGHT00042" x="292" y="416" width="289" height="447" frameX="0" frameY="0" frameWidth="409" frameHeight="408"/>
	<SubTexture name="BF NOTE RIGHT00043" x="292" y="416" width="289" height="447" frameX="0" frameY="0" frameWidth="409" frameHeight="408"/>
	<SubTexture name="BF NOTE RIGHT00044" x="292" y="416" width="289" height="447" frameX="0" frameY="0" frameWidth="409" frameHeight="408"/>
	<SubTexture name="BF NOTE RIGHT00045" x="292" y="416" width="289" height="447" frameX="0" frameY="0" frameWidth="409" frameHeight="408"/>
	<SubTexture name="BF NOTE RIGHT00046" x="292" y="416" width="289" height="447" frameX="0" frameY="0" frameWidth="409" frameHeight="408"/>
	<SubTexture name="BF NOTE RIGHT00047" x="292" y="416" width="289" height="447" frameX="0" frameY="0" frameWidth="409" frameHeight="408"/>
	<SubTexture name="BF NOTE RIGHT00048" x="292" y="416" width="289" height="447" frameX="0" frameY="0" frameWidth="409" frameHeight="408"/>
	<SubTexture name="BF NOTE RIGHT00049" x="292" y="416" width="289" height="447" frameX="0" frameY="0" frameWidth="409" frameHeight="408"/>
	<SubTexture name="BF NOTE RIGHT00050" x="292" y="416" width="289" height="447" frameX="0" frameY="0" frameWidth="409" frameHeight="408"/>
	<SubTexture name="BF NOTE RIGHT00051" x="292" y="416" width="289" height="447" frameX="0" frameY="0" frameWidth="409" frameHeight="408"/>
	<SubTexture name="BF NOTE RIGHT00052" x="292" y="416" width="289" height="447" frameX="0" frameY="0" frameWidth="409" frameHeight="408"/>
	<SubTexture name="BF NOTE RIGHT00053" x="292" y="416" width="289" height="447" frameX="0" frameY="0" frameWidth="409" frameHeight="408"/>
	<SubTexture name="BF NOTE RIGHT00054" x="292" y="416" width="289" height="447" frameX="0" frameY="0" frameWidth="409" frameHeight="408"/>
	<SubTexture name="BF NOTE RIGHT00055" x="292" y="416" width="289" height="447" frameX="0" frameY="0" frameWidth="409" frameHeight="408"/>
	<SubTexture name="BF NOTE RIGHT00056" x="292" y="416" width="289" height="447" frameX="0" frameY="0" frameWidth="409" frameHeight="408"/>
	<SubTexture name="BF NOTE RIGHT00057" x="292" y="416" width="289" height="447" frameX="0" frameY="0" frameWidth="409" frameHeight="408"/>
	<SubTexture name="BF NOTE RIGHT00058" x="292" y="416" width="289" height="447" frameX="0" frameY="0" frameWidth="409" frameHeight="408"/>
	<SubTexture name="BF NOTE RIGHT00059" x="292" y="416" width="289" height="447" frameX="0" frameY="0" frameWidth="409" frameHeight="408"/>
	<SubTexture name="BF NOTE RIGHT00060" x="292" y="416" width="289" height="447" frameX="0" frameY="0" frameWidth="409" frameHeight="408"/>
	<SubTexture name="BF NOTE RIGHT00061" x="292" y="416" width="289" height="447" frameX="0" frameY="0" frameWidth="409" frameHeight="408"/>
	<SubTexture name="BF NOTE UP MISS0000" x="1190" y="416" width="286" height="447" frameX="-9" frameY="0" frameWidth="378" frameHeight="451"/>
	<SubTexture name="BF NOTE UP MISS0001" x="1770" y="416" width="297" height="447" frameX="0" frameY="0" frameWidth="378" frameHeight="451"/>
	<SubTexture name="BF NOTE UP MISS0002" x="1770" y="416" width="297" height="447" frameX="0" frameY="0" frameWidth="378" frameHeight="451"/>
	<SubTexture name="BF NOTE UP MISS0003" x="2068" y="416" width="297" height="447" frameX="0" frameY="0" frameWidth="378" frameHeight="451"/>
	<SubTexture name="BF NOTE UP MISS0004" x="2068" y="416" width="297" height="447" frameX="0" frameY="0" frameWidth="378" frameHeight="451"/>
	<SubTexture name="BF NOTE UP MISS0005" x="2068" y="416" width="297" height="447" frameX="0" frameY="0" frameWidth="378" frameHeight="451"/>
	<SubTexture name="BF NOTE UP MISS0006" x="2068" y="416" width="297" height="447" frameX="0" frameY="0" frameWidth="378" frameHeight="451"/>
	<SubTexture name="BF NOTE UP MISS0007" x="2068" y="416" width="297" height="447" frameX="0" frameY="0" frameWidth="378" frameHeight="451"/>
	<SubTexture name="BF NOTE UP MISS0008" x="2068" y="416" width="297" height="447" frameX="0" frameY="0" frameWidth="378" frameHeight="451"/>
	<SubTexture name="BF NOTE UP MISS0009" x="2068" y="416" width="297" height="447" frameX="0" frameY="0" frameWidth="378" frameHeight="451"/>
	<SubTexture name="BF NOTE UP MISS0010" x="2068" y="416" width="297" height="447" frameX="0" frameY="0" frameWidth="378" frameHeight="451"/>
	<SubTexture name="BF NOTE UP MISS0011" x="2068" y="416" width="297" height="447" frameX="0" frameY="0" frameWidth="378" frameHeight="451"/>
	<SubTexture name="BF NOTE UP MISS0012" x="2068" y="416" width="297" height="447" frameX="0" frameY="0" frameWidth="378" frameHeight="451"/>
	<SubTexture name="BF NOTE UP MISS0013" x="2068" y="416" width="297" height="447" frameX="0" frameY="0" frameWidth="378" frameHeight="451"/>
	<SubTexture name="BF NOTE UP MISS0014" x="2068" y="416" width="297" height="447" frameX="0" frameY="0" frameWidth="378" frameHeight="451"/>
	<SubTexture name="BF NOTE UP MISS0015" x="2068" y="416" width="297" height="447" frameX="0" frameY="0" frameWidth="378" frameHeight="451"/>
	<SubTexture name="BF NOTE UP MISS0016" x="2068" y="416" width="297" height="447" frameX="0" frameY="0" frameWidth="378" frameHeight="451"/>
	<SubTexture name="BF NOTE UP MISS0017" x="2068" y="416" width="297" height="447" frameX="0" frameY="0" frameWidth="378" frameHeight="451"/>
	<SubTexture name="BF NOTE UP MISS0018" x="2068" y="416" width="297" height="447" frameX="0" frameY="0" frameWidth="378" frameHeight="451"/>
	<SubTexture name="BF NOTE UP MISS0019" x="2068" y="416" width="297" height="447" frameX="0" frameY="0" frameWidth="378" frameHeight="451"/>
	<SubTexture name="BF NOTE UP MISS0020" x="2068" y="416" width="297" height="447" frameX="0" frameY="0" frameWidth="378" frameHeight="451"/>
	<SubTexture name="BF NOTE UP MISS0021" x="2068" y="416" width="297" height="447" frameX="0" frameY="0" frameWidth="378" frameHeight="451"/>
	<SubTexture name="BF NOTE UP MISS0022" x="2068" y="416" width="297" height="447" frameX="0" frameY="0" frameWidth="378" frameHeight="451"/>
	<SubTexture name="BF NOTE UP MISS0023" x="2068" y="416" width="297" height="447" frameX="0" frameY="0" frameWidth="378" frameHeight="451"/>
	<SubTexture name="BF NOTE UP00000" x="1190" y="416" width="286" height="447" frameX="-5" frameY="0" frameWidth="378" frameHeight="451"/>
	<SubTexture name="BF NOTE UP00001" x="1190" y="416" width="286" height="447" frameX="-5" frameY="0" frameWidth="378" frameHeight="451"/>
	<SubTexture name="BF NOTE UP00002" x="1477" y="416" width="292" height="447" frameX="0" frameY="0" frameWidth="376" frameHeight="451"/>
	<SubTexture name="BF NOTE UP00003" x="1477" y="416" width="292" height="447" frameX="0" frameY="0" frameWidth="376" frameHeight="451"/>
	<SubTexture name="BF NOTE UP00004" x="1477" y="416" width="292" height="447" frameX="0" frameY="0" frameWidth="376" frameHeight="451"/>
	<SubTexture name="BF NOTE UP00005" x="1477" y="416" width="292" height="447" frameX="0" frameY="0" frameWidth="376" frameHeight="451"/>
	<SubTexture name="BF NOTE UP00006" x="1477" y="416" width="292" height="447" frameX="0" frameY="0" frameWidth="376" frameHeight="451"/>
	<SubTexture name="BF NOTE UP00007" x="1477" y="416" width="292" height="447" frameX="0" frameY="0" frameWidth="376" frameHeight="451"/>
	<SubTexture name="BF NOTE UP00008" x="1477" y="416" width="292" height="447" frameX="0" frameY="0" frameWidth="376" frameHeight="451"/>
	<SubTexture name="BF NOTE UP00009" x="1477" y="416" width="292" height="447" frameX="0" frameY="0" frameWidth="376" frameHeight="451"/>
	<SubTexture name="BF NOTE UP00010" x="1477" y="416" width="292" height="447" frameX="0" frameY="0" frameWidth="376" frameHeight="451"/>
	<SubTexture name="BF NOTE UP00011" x="1477" y="416" width="292" height="447" frameX="0" frameY="0" frameWidth="376" frameHeight="451"/>
	<SubTexture name="BF NOTE UP00012" x="1477" y="416" width="292" height="447" frameX="0" frameY="0" frameWidth="376" frameHeight="451"/>
	<SubTexture name="BF NOTE UP00013" x="1477" y="416" width="292" height="447" frameX="0" frameY="0" frameWidth="376" frameHeight="451"/>
	<SubTexture name="BF NOTE UP00014" x="1477" y="416" width="292" height="447" frameX="0" frameY="0" frameWidth="376" frameHeight="451"/>
	<SubTexture name="BF idle dance0000" x="0" y="864" width="331" height="405" frameX="0" frameY="0" frameWidth="411" frameHeight="414"/>
	<SubTexture name="BF idle dance0001" x="0" y="864" width="331" height="405" frameX="0" frameY="0" frameWidth="411" frameHeight="414"/>
	<SubTexture name="BF idle dance0002" x="332" y="864" width="334" height="405" frameX="2" frameY="0" frameWidth="411" frameHeight="414"/>
	<SubTexture name="BF idle dance0003" x="332" y="864" width="334" height="405" frameX="2" frameY="0" frameWidth="411" frameHeight="414"/>
	<SubTexture name="BF idle dance0004" x="667" y="864" width="326" height="405" frameX="1" frameY="0" frameWidth="411" frameHeight="414"/>
	<SubTexture name="BF idle dance0005" x="667" y="864" width="326" height="405" frameX="1" frameY="0" frameWidth="411" frameHeight="414"/>
	<SubTexture name="BF idle dance0006" x="994" y="864" width="323" height="405" frameX="0" frameY="0" frameWidth="411" frameHeight="414"/>
	<SubTexture name="BF idle dance0007" x="994" y="864" width="323" height="405" frameX="0" frameY="0" frameWidth="411" frameHeight="414"/>
	<SubTexture name="BF idle dance0008" x="1318" y="864" width="323" height="405" frameX="0" frameY="0" frameWidth="411" frameHeight="414"/>
	<SubTexture name="BF idle dance0009" x="1318" y="864" width="323" height="405" frameX="0" frameY="0" frameWidth="411" frameHeight="414"/>
	<SubTexture name="BF idle dance0010" x="1318" y="864" width="323" height="405" frameX="0" frameY="0" frameWidth="411" frameHeight="414"/>
	<SubTexture name="BF idle dance0011" x="1318" y="864" width="323" height="405" frameX="0" frameY="0" frameWidth="411" frameHeight="414"/>
	<SubTexture name="BF idle dance0012" x="1318" y="864" width="323" height="405" frameX="0" frameY="0" frameWidth="411" frameHeight="414"/>
	<SubTexture name="BF idle dance0013" x="1318" y="864" width="323" height="405" frameX="0" frameY="0" frameWidth="411" frameHeight="414"/>
</TextureAtlas>
