﻿<?xml version="1.0" encoding="utf-8"?>
<TextureAtlas imagePath="fuckboi_sheet.png">
	<!-- Created with Adobe Animate version 20.5.1.31044 -->
	<!-- http://www.adobe.com/products/animate.html -->
	<SubTexture name="SelDown0000" x="6" y="6" width="562" height="712"/>
	<SubTexture name="SelDown0001" x="6" y="6" width="562" height="712"/>
	<SubTexture name="SelDown0002" x="574" y="6" width="562" height="712"/>
	<SubTexture name="SelDown0003" x="574" y="6" width="562" height="712"/>
	<SubTexture name="SelDown0004" x="574" y="6" width="562" height="712"/>
	<SubTexture name="SelDown0005" x="1142" y="6" width="562" height="712"/>
	<SubTexture name="SelDown0006" x="1142" y="6" width="562" height="712"/>
	<SubTexture name="SelDown0007" x="1142" y="6" width="562" height="712"/>
	<SubTexture name="SelDown0008" x="1142" y="6" width="562" height="712"/>
	<SubTexture name="SelDown0009" x="1142" y="6" width="562" height="712"/>
	<SubTexture name="SelDown0010" x="1142" y="6" width="562" height="712"/>
	<SubTexture name="SelDown0011" x="1142" y="6" width="562" height="712"/>
	<SubTexture name="SelDown0012" x="1142" y="6" width="562" height="712"/>
	<SubTexture name="SelDown0013" x="1142" y="6" width="562" height="712"/>
	<SubTexture name="SelHey0000" x="1710" y="6" width="482" height="785"/>
	<SubTexture name="SelHey0001" x="1710" y="6" width="482" height="785"/>
	<SubTexture name="SelHey0002" x="2198" y="6" width="482" height="785"/>
	<SubTexture name="SelHey0003" x="2198" y="6" width="482" height="785"/>
	<SubTexture name="SelHey0004" x="2198" y="6" width="482" height="785"/>
	<SubTexture name="SelHey0005" x="2198" y="6" width="482" height="785"/>
	<SubTexture name="SelHey0006" x="2198" y="6" width="482" height="785"/>
	<SubTexture name="SelHey0007" x="2198" y="6" width="482" height="785"/>
	<SubTexture name="SelHey0008" x="2198" y="6" width="482" height="785"/>
	<SubTexture name="SelHey0009" x="2198" y="6" width="482" height="785"/>
	<SubTexture name="SelHey0010" x="2198" y="6" width="482" height="785"/>
	<SubTexture name="SelHey0011" x="2198" y="6" width="482" height="785"/>
	<SubTexture name="SelHey0012" x="2198" y="6" width="482" height="785"/>
	<SubTexture name="SelHey0013" x="2198" y="6" width="482" height="785"/>
	<SubTexture name="SelIdle0000" x="2686" y="6" width="529" height="770"/>
	<SubTexture name="SelIdle0001" x="3221" y="6" width="529" height="770"/>
	<SubTexture name="SelIdle0002" x="6" y="797" width="529" height="770"/>
	<SubTexture name="SelIdle0003" x="541" y="797" width="529" height="770"/>
	<SubTexture name="SelIdle0004" x="1076" y="797" width="529" height="770"/>
	<SubTexture name="SelIdle0005" x="1611" y="797" width="529" height="770"/>
	<SubTexture name="SelIdle0006" x="1611" y="797" width="529" height="770"/>
	<SubTexture name="SelIdle0007" x="2146" y="797" width="529" height="770"/>
	<SubTexture name="SelIdle0008" x="2681" y="797" width="529" height="770"/>
	<SubTexture name="SelIdle0009" x="3216" y="797" width="529" height="770"/>
	<SubTexture name="SelLeft0000" x="6" y="1573" width="517" height="766"/>
	<SubTexture name="SelLeft0001" x="6" y="1573" width="517" height="766"/>
	<SubTexture name="SelLeft0002" x="529" y="1573" width="517" height="766"/>
	<SubTexture name="SelLeft0003" x="529" y="1573" width="517" height="766"/>
	<SubTexture name="SelLeft0004" x="1052" y="1573" width="517" height="766"/>
	<SubTexture name="SelLeft0005" x="1052" y="1573" width="517" height="766"/>
	<SubTexture name="SelLeft0006" x="1052" y="1573" width="517" height="766"/>
	<SubTexture name="SelLeft0007" x="1052" y="1573" width="517" height="766"/>
	<SubTexture name="SelLeft0008" x="1052" y="1573" width="517" height="766"/>
	<SubTexture name="SelLeft0009" x="1052" y="1573" width="517" height="766"/>
	<SubTexture name="SelLeft0010" x="1052" y="1573" width="517" height="766"/>
	<SubTexture name="SelLeft0011" x="1052" y="1573" width="517" height="766"/>
	<SubTexture name="SelLeft0012" x="1052" y="1573" width="517" height="766"/>
	<SubTexture name="SelLeft0013" x="1052" y="1573" width="517" height="766"/>
	<SubTexture name="SelRight0000" x="1575" y="1573" width="564" height="790"/>
	<SubTexture name="SelRight0001" x="1575" y="1573" width="564" height="790"/>
	<SubTexture name="SelRight0002" x="2145" y="1573" width="564" height="790"/>
	<SubTexture name="SelRight0003" x="2145" y="1573" width="564" height="790"/>
	<SubTexture name="SelRight0004" x="2715" y="1573" width="564" height="790"/>
	<SubTexture name="SelRight0005" x="2715" y="1573" width="564" height="790"/>
	<SubTexture name="SelRight0006" x="2715" y="1573" width="564" height="790"/>
	<SubTexture name="SelRight0007" x="2715" y="1573" width="564" height="790"/>
	<SubTexture name="SelRight0008" x="2715" y="1573" width="564" height="790"/>
	<SubTexture name="SelRight0009" x="2715" y="1573" width="564" height="790"/>
	<SubTexture name="SelRight0010" x="2715" y="1573" width="564" height="790"/>
	<SubTexture name="SelRight0011" x="2715" y="1573" width="564" height="790"/>
	<SubTexture name="SelRight0012" x="2715" y="1573" width="564" height="790"/>
	<SubTexture name="SelRight0013" x="2715" y="1573" width="564" height="790"/>
	<SubTexture name="SelUp0000" x="3285" y="1573" width="583" height="842"/>
	<SubTexture name="SelUp0001" x="3285" y="1573" width="583" height="842"/>
	<SubTexture name="SelUp0002" x="6" y="2421" width="583" height="842"/>
	<SubTexture name="SelUp0003" x="6" y="2421" width="583" height="842"/>
	<SubTexture name="SelUp0004" x="595" y="2421" width="583" height="842"/>
	<SubTexture name="SelUp0005" x="595" y="2421" width="583" height="842"/>
	<SubTexture name="SelUp0006" x="595" y="2421" width="583" height="842"/>
	<SubTexture name="SelUp0007" x="595" y="2421" width="583" height="842"/>
	<SubTexture name="SelUp0008" x="595" y="2421" width="583" height="842"/>
	<SubTexture name="SelUp0009" x="595" y="2421" width="583" height="842"/>
	<SubTexture name="SelUp0010" x="595" y="2421" width="583" height="842"/>
	<SubTexture name="SelUp0011" x="595" y="2421" width="583" height="842"/>
	<SubTexture name="SelUp0012" x="595" y="2421" width="583" height="842"/>
	<SubTexture name="SelUp0013" x="595" y="2421" width="583" height="842"/>
</TextureAtlas>
