﻿<?xml version="1.0" encoding="utf-8"?>
<TextureAtlas imagePath="sky_angry.png">
	<!-- Created with Adobe Animate version 20.0.3.25487 -->
	<!-- http://www.adobe.com/products/animate.html -->
	<SubTexture name="sky annoyed down0000" x="0" y="1046" width="310" height="483" frameX="-2" frameY="0" frameWidth="310" frameHeight="522"/>
	<SubTexture name="sky annoyed down0001" x="311" y="1046" width="310" height="483" frameX="-2" frameY="0" frameWidth="310" frameHeight="483"/>
	<SubTexture name="sky annoyed down0002" x="622" y="1046" width="302" height="483" frameX="-2" frameY="0" frameWidth="302" frameHeight="483"/>
	<SubTexture name="sky annoyed down0003" x="925" y="1046" width="302" height="483" frameX="-2" frameY="0" frameWidth="302" frameHeight="483"/>
	<SubTexture name="sky annoyed down0004" x="1228" y="1046" width="306" height="483" frameX="-2" frameY="0" frameWidth="306" frameHeight="483"/>
	<SubTexture name="sky annoyed down0005" x="1535" y="1046" width="306" height="483" frameX="-2" frameY="0" frameWidth="306" frameHeight="483"/>
	<SubTexture name="sky annoyed down0006" x="1842" y="1046" width="306" height="483" frameX="-2" frameY="0" frameWidth="306" frameHeight="483"/>
	<SubTexture name="sky annoyed down0007" x="2149" y="1046" width="306" height="483" frameX="-2" frameY="0" frameWidth="306" frameHeight="483"/>
	<SubTexture name="sky annoyed down0008" x="1842" y="1046" width="306" height="483" frameX="-2" frameY="0" frameWidth="306" frameHeight="483"/>
	<SubTexture name="sky annoyed down0009" x="2149" y="1046" width="306" height="483" frameX="-2" frameY="0" frameWidth="306" frameHeight="483"/>
	<SubTexture name="sky annoyed down0010" x="1842" y="1046" width="306" height="483" frameX="-2" frameY="0" frameWidth="306" frameHeight="483"/>
	<SubTexture name="sky annoyed down0011" x="2149" y="1046" width="306" height="483" frameX="-2" frameY="0" frameWidth="306" frameHeight="483"/>
	<SubTexture name="sky annoyed down0012" x="1842" y="1046" width="306" height="483" frameX="-2" frameY="0" frameWidth="306" frameHeight="483"/>
	<SubTexture name="sky annoyed down0013" x="2149" y="1046" width="306" height="483" frameX="-2" frameY="0" frameWidth="306" frameHeight="483"/>
	<SubTexture name="sky annoyed idle0000" x="0" y="0" width="306" height="522" frameX="0" frameY="0" frameWidth="306" frameHeight="522"/>
	<SubTexture name="sky annoyed idle0001" x="307" y="0" width="307" height="522" frameX="0" frameY="0" frameWidth="306" frameHeight="522"/>
	<SubTexture name="sky annoyed idle0002" x="615" y="0" width="304" height="522" frameX="-11" frameY="0" frameWidth="306" frameHeight="522"/>
	<SubTexture name="sky annoyed idle0003" x="919" y="0" width="302" height="522" frameX="-11" frameY="0" frameWidth="306" frameHeight="522"/>
	<SubTexture name="sky annoyed idle0004" x="1222" y="0" width="302" height="522" frameX="-14" frameY="0" frameWidth="306" frameHeight="522"/>
	<SubTexture name="sky annoyed idle0005" x="1524" y="0" width="302" height="522" frameX="-14" frameY="0" frameWidth="306" frameHeight="522"/>
	<SubTexture name="sky annoyed idle0006" x="1826" y="0" width="300" height="522" frameX="-15" frameY="0" frameWidth="306" frameHeight="522"/>
	<SubTexture name="sky annoyed idle0007" x="2127" y="0" width="300" height="522" frameX="-15" frameY="0" frameWidth="306" frameHeight="522"/>
	<SubTexture name="sky annoyed idle0008" x="0" y="523" width="295" height="522" frameX="0" frameY="0" frameWidth="306" frameHeight="522"/>
	<SubTexture name="sky annoyed idle0009" x="296" y="523" width="296" height="522" frameX="0" frameY="0" frameWidth="306" frameHeight="522"/>
	<SubTexture name="sky annoyed idle0010" x="593" y="523" width="300" height="522" frameX="5" frameY="0" frameWidth="306" frameHeight="522"/>
	<SubTexture name="sky annoyed idle0011" x="894" y="523" width="298" height="522" frameX="5" frameY="0" frameWidth="306" frameHeight="522"/>
	<SubTexture name="sky annoyed idle0012" x="1193" y="523" width="300" height="522" frameX="7" frameY="0" frameWidth="306" frameHeight="522"/>
	<SubTexture name="sky annoyed idle0013" x="1493" y="523" width="300" height="522" frameX="7" frameY="0" frameWidth="306" frameHeight="522"/>
	<SubTexture name="sky annoyed idle0014" x="1793" y="523" width="297" height="522" frameX="7" frameY="0" frameWidth="306" frameHeight="522"/>
	<SubTexture name="sky annoyed idle0015" x="2090" y="523" width="296" height="522" frameX="7" frameY="0" frameWidth="306" frameHeight="522"/>
	<SubTexture name="sky annoyed left0000" x="0" y="1530" width="292" height="512" frameX="4" frameY="0" frameWidth="292" frameHeight="512"/>
	<SubTexture name="sky annoyed left0001" x="293" y="1530" width="292" height="512" frameX="4" frameY="0" frameWidth="292" frameHeight="512"/>
	<SubTexture name="sky annoyed left0002" x="586" y="1530" width="302" height="512" frameX="1" frameY="0" frameWidth="302" frameHeight="512"/>
	<SubTexture name="sky annoyed left0003" x="586" y="1530" width="302" height="512" frameX="1" frameY="0" frameWidth="302" frameHeight="512"/>
	<SubTexture name="sky annoyed left0004" x="889" y="1530" width="310" height="512" frameX="1" frameY="0" frameWidth="310" frameHeight="512"/>
	<SubTexture name="sky annoyed left0005" x="889" y="1530" width="310" height="512" frameX="1" frameY="0" frameWidth="310" frameHeight="512"/>
	<SubTexture name="sky annoyed left0006" x="1200" y="1530" width="308" height="512" frameX="1" frameY="0" frameWidth="308" frameHeight="512"/>
	<SubTexture name="sky annoyed left0007" x="1200" y="1530" width="308" height="512" frameX="1" frameY="0" frameWidth="308" frameHeight="512"/>
	<SubTexture name="sky annoyed left0008" x="1509" y="1530" width="303" height="512" frameX="1" frameY="0" frameWidth="303" frameHeight="512"/>
	<SubTexture name="sky annoyed left0009" x="1509" y="1530" width="303" height="512" frameX="1" frameY="0" frameWidth="303" frameHeight="512"/>
	<SubTexture name="sky annoyed left0010" x="1813" y="1530" width="301" height="512" frameX="0" frameY="0" frameWidth="301" frameHeight="512"/>
	<SubTexture name="sky annoyed left0011" x="1813" y="1530" width="301" height="512" frameX="0" frameY="0" frameWidth="301" frameHeight="512"/>
	<SubTexture name="sky annoyed left0012" x="2114" y="1530" width="303" height="512" frameX="1" frameY="0" frameWidth="303" frameHeight="512"/>
	<SubTexture name="sky annoyed left0013" x="2114" y="1530" width="303" height="512" frameX="1" frameY="0" frameWidth="303" frameHeight="512"/>
	<SubTexture name="sky annoyed right0000" x="0" y="2043" width="365" height="511" frameX="-13" frameY="0" frameWidth="365" frameHeight="511" pivotX="250" pivotY="250"/>
	<SubTexture name="sky annoyed right0001" x="366" y="2043" width="365" height="511" frameX="-13" frameY="0" frameWidth="365" frameHeight="511"/>
	<SubTexture name="sky annoyed right0002" x="732" y="2043" width="343" height="511" frameX="-3" frameY="0" frameWidth="343" frameHeight="511"/>
	<SubTexture name="sky annoyed right0003" x="1076" y="2043" width="343" height="511" frameX="-3" frameY="0" frameWidth="343" frameHeight="511"/>
	<SubTexture name="sky annoyed right0004" x="1420" y="2043" width="332" height="511" frameX="8" frameY="0" frameWidth="332" frameHeight="511"/>
	<SubTexture name="sky annoyed right0005" x="1753" y="2043" width="332" height="511" frameX="8" frameY="0" frameWidth="332" frameHeight="511"/>
	<SubTexture name="sky annoyed right0006" x="2086" y="2043" width="340" height="511" frameX="0" frameY="0" frameWidth="340" frameHeight="511"/>
	<SubTexture name="sky annoyed up0000" x="2456" y="0" width="303" height="543" frameX="1" frameY="5" frameWidth="303" frameHeight="543"/>
	<SubTexture name="sky annoyed up0001" x="2456" y="544" width="303" height="543" frameX="1" frameY="5" frameWidth="303" frameHeight="543"/>
	<SubTexture name="sky annoyed up0002" x="2456" y="1087" width="304" height="537"/>
	<SubTexture name="sky annoyed up0003" x="2456" y="1624" width="304" height="537"/>
	<SubTexture name="sky annoyed up0004" x="2456" y="2161" width="304" height="537"/>
	<SubTexture name="sky annoyed up0005" x="2456" y="1087" width="304" height="537"/>
	<SubTexture name="sky annoyed up0006" x="2456" y="1624" width="304" height="537"/>
	<SubTexture name="sky annoyed up0007" x="2456" y="2161" width="304" height="537"/>
	<SubTexture name="sky annoyed up0008" x="2456" y="1087" width="304" height="537"/>
	<SubTexture name="sky annoyed up0009" x="2456" y="1624" width="304" height="537"/>
	<SubTexture name="sky annoyed up0010" x="2456" y="2161" width="304" height="537"/>
	<SubTexture name="sky annoyed up0011" x="2456" y="1087" width="304" height="537"/>
	<SubTexture name="sky annoyed up0012" x="2456" y="1624" width="304" height="537"/>
	<SubTexture name="sky annoyed up0013" x="2456" y="2161" width="304" height="537"/>
	<SubTexture name="sky annoyed up0014" x="2456" y="1087" width="304" height="537"/>
	<SubTexture name="sky annoyed up0015" x="2456" y="1624" width="304" height="537"/>
</TextureAtlas>
