﻿<?xml version="1.0" encoding="utf-8"?>
<TextureAtlas imagePath="Speakers.png">
	<!-- Created with Adobe Animate version 20.0.0.17400 -->
	<!-- http://www.adobe.com/products/animate.html -->
	<SubTexture name="GF Dancing Beat0000" x="0" y="0" width="698" height="352" pivotX="149.4" pivotY="309.7" frameX="0" frameY="0" frameWidth="698" frameHeight="352"/>
	<SubTexture name="GF Dancing Beat0001" x="0" y="0" width="698" height="352" frameX="0" frameY="0" frameWidth="698" frameHeight="352"/>
	<SubTexture name="GF Dancing Beat0002" x="699" y="0" width="702" height="352" frameX="0" frameY="0" frameWidth="702" frameHeight="352"/>
	<SubTexture name="GF Dancing Beat0003" x="699" y="0" width="702" height="352" frameX="0" frameY="0" frameWidth="702" frameHeight="352"/>
	<SubTexture name="GF Dancing Beat0004" x="0" y="353" width="700" height="352" frameX="1" frameY="0" frameWidth="700" frameHeight="352"/>
	<SubTexture name="GF Dancing Beat0005" x="0" y="353" width="700" height="352" frameX="1" frameY="0" frameWidth="700" frameHeight="352"/>
	<SubTexture name="GF Dancing Beat0006" x="0" y="353" width="700" height="352" frameX="1" frameY="0" frameWidth="700" frameHeight="352"/>
	<SubTexture name="GF Dancing Beat0007" x="701" y="353" width="700" height="352" frameX="0" frameY="0" frameWidth="700" frameHeight="352"/>
	<SubTexture name="GF Dancing Beat0008" x="701" y="353" width="700" height="352" frameX="0" frameY="0" frameWidth="700" frameHeight="352"/>
	<SubTexture name="GF Dancing Beat0009" x="701" y="353" width="700" height="352" frameX="0" frameY="0" frameWidth="700" frameHeight="352"/>
	<SubTexture name="GF Dancing Beat0010" x="701" y="353" width="700" height="352" frameX="0" frameY="0" frameWidth="700" frameHeight="352"/>
	<SubTexture name="GF Dancing Beat0011" x="701" y="353" width="700" height="352" frameX="0" frameY="0" frameWidth="700" frameHeight="352"/>
	<SubTexture name="GF Dancing Beat0012" x="701" y="353" width="700" height="352" frameX="0" frameY="0" frameWidth="700" frameHeight="352"/>
	<SubTexture name="GF Dancing Beat0013" x="701" y="353" width="700" height="352" frameX="0" frameY="0" frameWidth="700" frameHeight="352"/>
	<SubTexture name="GF Dancing Beat0014" x="701" y="353" width="700" height="352" frameX="0" frameY="0" frameWidth="700" frameHeight="352"/>
</TextureAtlas>
