<?xml version='1.0' encoding='utf-8'?>
<TextureAtlas imagePath="SpookyKidsPlayer.png">
<SubTexture name="note sing left0000" x="1050" y="1137" width="556" height="527" frameX="0" frameY="-2" frameWidth="564" frameHeight="531" />
<SubTexture name="note sing left0001" x="1050" y="1137" width="556" height="527" frameX="0" frameY="-2" frameWidth="564" frameHeight="531" />
<SubTexture name="note sing left0002" x="492" y="1137" width="558" height="531" frameX="-5" frameY="0" frameWidth="564" frameHeight="531" />
<SubTexture name="note sing left0003" x="492" y="1137" width="558" height="531" frameX="-5" frameY="0" frameWidth="564" frameHeight="531" />
<SubTexture name="note sing left0004" x="492" y="1137" width="558" height="531" frameX="-5" frameY="0" frameWidth="564" frameHeight="531" />
<SubTexture name="note sing left0005" x="492" y="1137" width="558" height="531" frameX="-5" frameY="0" frameWidth="564" frameHeight="531" />
<SubTexture name="note sing left0006" x="492" y="1137" width="558" height="531" frameX="-5" frameY="0" frameWidth="564" frameHeight="531" />
<SubTexture name="note sing left0007" x="492" y="1137" width="558" height="531" frameX="-5" frameY="0" frameWidth="564" frameHeight="531" />
<SubTexture name="note sing left0008" x="492" y="1137" width="558" height="531" frameX="-5" frameY="0" frameWidth="564" frameHeight="531" />
<SubTexture name="note sing left0009" x="492" y="1137" width="558" height="531" frameX="-5" frameY="0" frameWidth="564" frameHeight="531" />
<SubTexture name="note sing left0010" x="492" y="1137" width="558" height="531" frameX="-5" frameY="0" frameWidth="564" frameHeight="531" />
<SubTexture name="note sing left0011" x="492" y="1137" width="558" height="531" frameX="-5" frameY="0" frameWidth="564" frameHeight="531" />
<SubTexture name="note sing left0012" x="492" y="1137" width="558" height="531" frameX="-5" frameY="0" frameWidth="564" frameHeight="531" />
<SubTexture name="note sing left0013" x="492" y="1137" width="558" height="531" frameX="-5" frameY="0" frameWidth="564" frameHeight="531" />
<SubTexture name="note sing left0014" x="492" y="1137" width="558" height="531" frameX="-5" frameY="0" frameWidth="564" frameHeight="531" />
<SubTexture name="spooky DOWN note0000" x="0" y="2196" width="463" height="408" frameX="0" frameY="-4" frameWidth="463" frameHeight="412" />
<SubTexture name="spooky DOWN note0001" x="0" y="2196" width="463" height="408" frameX="0" frameY="-4" frameWidth="463" frameHeight="412" />
<SubTexture name="spooky DOWN note0002" x="2549" y="1492" width="448" height="409" frameX="-8" frameY="0" frameWidth="463" frameHeight="412" />
<SubTexture name="spooky DOWN note0003" x="2549" y="1492" width="448" height="409" frameX="-8" frameY="0" frameWidth="463" frameHeight="412" />
<SubTexture name="spooky DOWN note0004" x="2549" y="1492" width="448" height="409" frameX="-8" frameY="0" frameWidth="463" frameHeight="412" />
<SubTexture name="spooky DOWN note0005" x="2549" y="1492" width="448" height="409" frameX="-8" frameY="0" frameWidth="463" frameHeight="412" />
<SubTexture name="spooky DOWN note0006" x="2549" y="1492" width="448" height="409" frameX="-8" frameY="0" frameWidth="463" frameHeight="412" />
<SubTexture name="spooky DOWN note0007" x="2549" y="1492" width="448" height="409" frameX="-8" frameY="0" frameWidth="463" frameHeight="412" />
<SubTexture name="spooky DOWN note0008" x="2549" y="1492" width="448" height="409" frameX="-8" frameY="0" frameWidth="463" frameHeight="412" />
<SubTexture name="spooky DOWN note0009" x="2549" y="1492" width="448" height="409" frameX="-8" frameY="0" frameWidth="463" frameHeight="412" />
<SubTexture name="spooky DOWN note0010" x="2549" y="1492" width="448" height="409" frameX="-8" frameY="0" frameWidth="463" frameHeight="412" />
<SubTexture name="spooky DOWN note0011" x="2549" y="1492" width="448" height="409" frameX="-8" frameY="0" frameWidth="463" frameHeight="412" />
<SubTexture name="spooky DOWN note0012" x="2549" y="1492" width="448" height="409" frameX="-8" frameY="0" frameWidth="463" frameHeight="412" />
<SubTexture name="spooky DOWN note0013" x="2549" y="1492" width="448" height="409" frameX="-8" frameY="0" frameWidth="463" frameHeight="412" />
<SubTexture name="spooky DOWN note0014" x="2549" y="1492" width="448" height="409" frameX="-8" frameY="0" frameWidth="463" frameHeight="412" />
<SubTexture name="spooky DOWN note0015" x="2549" y="1492" width="448" height="409" frameX="-8" frameY="0" frameWidth="463" frameHeight="412" />
<SubTexture name="spooky DOWN note0016" x="2549" y="1492" width="448" height="409" frameX="-8" frameY="0" frameWidth="463" frameHeight="412" />
<SubTexture name="spooky DOWN note0017" x="2549" y="1492" width="448" height="409" frameX="-8" frameY="0" frameWidth="463" frameHeight="412" />
<SubTexture name="spooky DOWN note0018" x="2549" y="1492" width="448" height="409" frameX="-8" frameY="0" frameWidth="463" frameHeight="412" />
<SubTexture name="spooky DOWN note0019" x="2549" y="1492" width="448" height="409" frameX="-8" frameY="0" frameWidth="463" frameHeight="412" />
<SubTexture name="spooky DOWN note0020" x="2549" y="1492" width="448" height="409" frameX="-8" frameY="0" frameWidth="463" frameHeight="412" />
<SubTexture name="spooky DOWN note0021" x="2549" y="1492" width="448" height="409" frameX="-8" frameY="0" frameWidth="463" frameHeight="412" />
<SubTexture name="spooky DOWN note0022" x="2549" y="1492" width="448" height="409" frameX="-8" frameY="0" frameWidth="463" frameHeight="412" />
<SubTexture name="spooky DOWN note0023" x="2549" y="1492" width="448" height="409" frameX="-8" frameY="0" frameWidth="463" frameHeight="412" />
<SubTexture name="spooky DOWN note0024" x="2549" y="1492" width="448" height="409" frameX="-8" frameY="0" frameWidth="463" frameHeight="412" />
<SubTexture name="spooky UP NOTE0000" x="845" y="0" width="399" height="571" frameX="-1" frameY="0" frameWidth="406" frameHeight="571" />
<SubTexture name="spooky UP NOTE0001" x="845" y="0" width="399" height="571" frameX="-1" frameY="0" frameWidth="406" frameHeight="571" />
<SubTexture name="spooky UP NOTE0002" x="447" y="571" width="406" height="566" frameX="0" frameY="-5" frameWidth="406" frameHeight="571" />
<SubTexture name="spooky UP NOTE0003" x="447" y="571" width="406" height="566" frameX="0" frameY="-5" frameWidth="406" frameHeight="571" />
<SubTexture name="spooky UP NOTE0004" x="447" y="571" width="406" height="566" frameX="0" frameY="-5" frameWidth="406" frameHeight="571" />
<SubTexture name="spooky dance idle0000" x="853" y="571" width="381" height="549" frameX="-50" frameY="0" frameWidth="492" frameHeight="549" />
<SubTexture name="spooky dance idle0001" x="853" y="571" width="381" height="549" frameX="-50" frameY="0" frameWidth="492" frameHeight="549" />
<SubTexture name="spooky dance idle0002" x="1244" y="0" width="379" height="541" frameX="-55" frameY="-8" frameWidth="492" frameHeight="549" />
<SubTexture name="spooky dance idle0003" x="1244" y="0" width="379" height="541" frameX="-55" frameY="-8" frameWidth="492" frameHeight="549" />
<SubTexture name="spooky dance idle0004" x="2549" y="1008" width="357" height="484" frameX="-79" frameY="-61" frameWidth="492" frameHeight="549" />
<SubTexture name="spooky dance idle0005" x="2549" y="1008" width="357" height="484" frameX="-79" frameY="-61" frameWidth="492" frameHeight="549" />
<SubTexture name="spooky dance idle0006" x="2549" y="514" width="354" height="494" frameX="-78" frameY="-52" frameWidth="492" frameHeight="549" />
<SubTexture name="spooky dance idle0007" x="2549" y="514" width="354" height="494" frameX="-78" frameY="-52" frameWidth="492" frameHeight="549" />
<SubTexture name="spooky dance idle0008" x="0" y="1137" width="492" height="532" frameX="0" frameY="-16" frameWidth="492" frameHeight="549" />
<SubTexture name="spooky dance idle0009" x="0" y="1137" width="492" height="532" frameX="0" frameY="-16" frameWidth="492" frameHeight="549" />
<SubTexture name="spooky dance idle0010" x="2060" y="527" width="481" height="524" frameX="-7" frameY="-20" frameWidth="492" frameHeight="549" />
<SubTexture name="spooky dance idle0011" x="2060" y="527" width="481" height="524" frameX="-7" frameY="-20" frameWidth="492" frameHeight="549" />
<SubTexture name="spooky dance idle0012" x="2549" y="1008" width="357" height="484" frameX="-79" frameY="-61" frameWidth="492" frameHeight="549" />
<SubTexture name="spooky dance idle0013" x="2549" y="1008" width="357" height="484" frameX="-79" frameY="-61" frameWidth="492" frameHeight="549" />
<SubTexture name="spooky dance idle0014" x="2549" y="514" width="354" height="494" frameX="-78" frameY="-52" frameWidth="492" frameHeight="549" />
<SubTexture name="spooky dance idle0015" x="2549" y="514" width="354" height="494" frameX="-78" frameY="-52" frameWidth="492" frameHeight="549" />
<SubTexture name="spooky kids YEAH!!0000" x="494" y="1669" width="639" height="527" frameX="0" frameY="0" frameWidth="639" frameHeight="528" />
<SubTexture name="spooky kids YEAH!!0001" x="494" y="1669" width="639" height="527" frameX="0" frameY="0" frameWidth="639" frameHeight="528" />
<SubTexture name="spooky kids YEAH!!0002" x="1133" y="1669" width="612" height="517" frameX="-16" frameY="-10" frameWidth="639" frameHeight="528" />
<SubTexture name="spooky kids YEAH!!0003" x="1133" y="1669" width="612" height="517" frameX="-16" frameY="-10" frameWidth="639" frameHeight="528" />
<SubTexture name="spooky kids YEAH!!0004" x="1745" y="1669" width="594" height="516" frameX="-28" frameY="-11" frameWidth="639" frameHeight="528" />
<SubTexture name="spooky kids YEAH!!0005" x="1745" y="1669" width="594" height="516" frameX="-28" frameY="-11" frameWidth="639" frameHeight="528" />
<SubTexture name="spooky kids YEAH!!0006" x="2549" y="0" width="577" height="514" frameX="-35" frameY="-13" frameWidth="639" frameHeight="528" />
<SubTexture name="spooky kids YEAH!!0007" x="2549" y="0" width="577" height="514" frameX="-35" frameY="-13" frameWidth="639" frameHeight="528" />
<SubTexture name="spooky kids YEAH!!0008" x="2549" y="0" width="577" height="514" frameX="-35" frameY="-13" frameWidth="639" frameHeight="528" />
<SubTexture name="spooky kids YEAH!!0009" x="2549" y="0" width="577" height="514" frameX="-35" frameY="-13" frameWidth="639" frameHeight="528" />
<SubTexture name="spooky sing right0000" x="2060" y="1051" width="442" height="524" frameX="0" frameY="-9" frameWidth="442" frameHeight="533" />
<SubTexture name="spooky sing right0001" x="2060" y="1051" width="442" height="524" frameX="0" frameY="-9" frameWidth="442" frameHeight="533" />
<SubTexture name="spooky sing right0002" x="1623" y="533" width="437" height="533" frameX="0" frameY="0" frameWidth="442" frameHeight="533" />
<SubTexture name="spooky sing right0003" x="1623" y="533" width="437" height="533" frameX="0" frameY="0" frameWidth="442" frameHeight="533" />
<SubTexture name="spooky sing right0004" x="1623" y="533" width="437" height="533" frameX="0" frameY="0" frameWidth="442" frameHeight="533" />
<SubTexture name="spooky sing right0005" x="1623" y="533" width="437" height="533" frameX="0" frameY="0" frameWidth="442" frameHeight="533" />
<SubTexture name="spooky sing right0006" x="1623" y="533" width="437" height="533" frameX="0" frameY="0" frameWidth="442" frameHeight="533" />
<SubTexture name="spooky sing right0007" x="1623" y="533" width="437" height="533" frameX="0" frameY="0" frameWidth="442" frameHeight="533" />
<SubTexture name="spooky sing right0008" x="1623" y="533" width="437" height="533" frameX="0" frameY="0" frameWidth="442" frameHeight="533" />
<SubTexture name="spooky sing right0009" x="1623" y="533" width="437" height="533" frameX="0" frameY="0" frameWidth="442" frameHeight="533" />
<SubTexture name="spooky sing right0010" x="1623" y="533" width="437" height="533" frameX="0" frameY="0" frameWidth="442" frameHeight="533" />
<SubTexture name="spooky sing right0011" x="1623" y="533" width="437" height="533" frameX="0" frameY="0" frameWidth="442" frameHeight="533" />
<SubTexture name="spooky sing right0012" x="1623" y="533" width="437" height="533" frameX="0" frameY="0" frameWidth="442" frameHeight="533" />
<SubTexture name="spooky sing right0013" x="1623" y="533" width="437" height="533" frameX="0" frameY="0" frameWidth="442" frameHeight="533" />
<SubTexture name="spooky sing right0014" x="1623" y="533" width="437" height="533" frameX="0" frameY="0" frameWidth="442" frameHeight="533" />
<SubTexture name="spooky sing right0015" x="1623" y="533" width="437" height="533" frameX="0" frameY="0" frameWidth="442" frameHeight="533" />
<SubTexture name="spooky sing right0016" x="1623" y="533" width="437" height="533" frameX="0" frameY="0" frameWidth="442" frameHeight="533" />
<SubTexture name="spooky sing right0017" x="1623" y="533" width="437" height="533" frameX="0" frameY="0" frameWidth="442" frameHeight="533" />
<SubTexture name="spooky sing right0018" x="1623" y="533" width="437" height="533" frameX="0" frameY="0" frameWidth="442" frameHeight="533" />
<SubTexture name="spooky sing right0019" x="1623" y="533" width="437" height="533" frameX="0" frameY="0" frameWidth="442" frameHeight="533" />
<SubTexture name="spooky sing right0020" x="1623" y="533" width="437" height="533" frameX="0" frameY="0" frameWidth="442" frameHeight="533" />
<SubTexture name="spooky sing right0021" x="1623" y="533" width="437" height="533" frameX="0" frameY="0" frameWidth="442" frameHeight="533" />
<SubTexture name="spooky sing right0022" x="1623" y="533" width="437" height="533" frameX="0" frameY="0" frameWidth="442" frameHeight="533" />
<SubTexture name="spooky sing right0023" x="1623" y="533" width="437" height="533" frameX="0" frameY="0" frameWidth="442" frameHeight="533" />
<SubTexture name="spooky sing right0024" x="1623" y="533" width="437" height="533" frameX="0" frameY="0" frameWidth="442" frameHeight="533" />
<SubTexture name="note singleft MISS0000" x="1050" y="1137" width="556" height="527" frameX="0" frameY="-2" frameWidth="564" frameHeight="531" />
<SubTexture name="note singleft MISS0001" x="2060" y="0" width="489" height="527" frameX="0" frameY="-2" frameWidth="564" frameHeight="531" />
<SubTexture name="note singleft MISS0002" x="2060" y="0" width="489" height="527" frameX="0" frameY="-2" frameWidth="564" frameHeight="531" />
<SubTexture name="note singleft MISS0003" x="0" y="1669" width="494" height="527" frameX="-5" frameY="0" frameWidth="564" frameHeight="531" />
<SubTexture name="note singleft MISS0004" x="0" y="1669" width="494" height="527" frameX="-5" frameY="0" frameWidth="564" frameHeight="531" />
<SubTexture name="note singleft MISS0005" x="0" y="1669" width="494" height="527" frameX="-5" frameY="0" frameWidth="564" frameHeight="531" />
<SubTexture name="note singleft MISS0006" x="0" y="1669" width="494" height="527" frameX="-5" frameY="0" frameWidth="564" frameHeight="531" />
<SubTexture name="note singleft MISS0007" x="0" y="1669" width="494" height="527" frameX="-5" frameY="0" frameWidth="564" frameHeight="531" />
<SubTexture name="note singleft MISS0008" x="0" y="1669" width="494" height="527" frameX="-5" frameY="0" frameWidth="564" frameHeight="531" />
<SubTexture name="note singleft MISS0009" x="0" y="1669" width="494" height="527" frameX="-5" frameY="0" frameWidth="564" frameHeight="531" />
<SubTexture name="note singleft MISS0010" x="0" y="1669" width="494" height="527" frameX="-5" frameY="0" frameWidth="564" frameHeight="531" />
<SubTexture name="note singleft MISS0011" x="0" y="1669" width="494" height="527" frameX="-5" frameY="0" frameWidth="564" frameHeight="531" />
<SubTexture name="note singleft MISS0012" x="0" y="1669" width="494" height="527" frameX="-5" frameY="0" frameWidth="564" frameHeight="531" />
<SubTexture name="note singleft MISS0013" x="0" y="1669" width="494" height="527" frameX="-5" frameY="0" frameWidth="564" frameHeight="531" />
<SubTexture name="note singleft MISS0014" x="0" y="1669" width="494" height="527" frameX="-5" frameY="0" frameWidth="564" frameHeight="531" />
<SubTexture name="note singleft MISS0015" x="0" y="1669" width="494" height="527" frameX="-5" frameY="0" frameWidth="564" frameHeight="531" />
<SubTexture name="note singleft MISS0016" x="0" y="1669" width="494" height="527" frameX="-5" frameY="0" frameWidth="564" frameHeight="531" />
<SubTexture name="note singleft MISS0017" x="0" y="1669" width="494" height="527" frameX="-5" frameY="0" frameWidth="564" frameHeight="531" />
<SubTexture name="note singleft MISS0018" x="0" y="1669" width="494" height="527" frameX="-5" frameY="0" frameWidth="564" frameHeight="531" />
<SubTexture name="note singleft MISS0019" x="0" y="1669" width="494" height="527" frameX="-5" frameY="0" frameWidth="564" frameHeight="531" />
<SubTexture name="note singleft MISS0020" x="0" y="1669" width="494" height="527" frameX="-5" frameY="0" frameWidth="564" frameHeight="531" />
<SubTexture name="note singleft MISS0021" x="0" y="1669" width="494" height="527" frameX="-5" frameY="0" frameWidth="564" frameHeight="531" />
<SubTexture name="note singleft MISS0022" x="0" y="1669" width="494" height="527" frameX="-5" frameY="0" frameWidth="564" frameHeight="531" />
<SubTexture name="note singleft MISS0023" x="0" y="1669" width="494" height="527" frameX="-5" frameY="0" frameWidth="564" frameHeight="531" />
<SubTexture name="note singleft MISS0024" x="0" y="1669" width="494" height="527" frameX="-5" frameY="0" frameWidth="564" frameHeight="531" />
<SubTexture name="spooky DOWNnote MISS0000" x="0" y="2196" width="463" height="408" frameX="0" frameY="-4" frameWidth="463" frameHeight="412" />
<SubTexture name="spooky DOWNnote MISS0001" x="911" y="2196" width="463" height="407" frameX="0" frameY="-4" frameWidth="463" frameHeight="412" />
<SubTexture name="spooky DOWNnote MISS0002" x="911" y="2196" width="463" height="407" frameX="0" frameY="-4" frameWidth="463" frameHeight="412" />
<SubTexture name="spooky DOWNnote MISS0003" x="463" y="2196" width="448" height="408" frameX="-8" frameY="0" frameWidth="463" frameHeight="412" />
<SubTexture name="spooky DOWNnote MISS0004" x="463" y="2196" width="448" height="408" frameX="-8" frameY="0" frameWidth="463" frameHeight="412" />
<SubTexture name="spooky DOWNnote MISS0005" x="463" y="2196" width="448" height="408" frameX="-8" frameY="0" frameWidth="463" frameHeight="412" />
<SubTexture name="spooky DOWNnote MISS0006" x="463" y="2196" width="448" height="408" frameX="-8" frameY="0" frameWidth="463" frameHeight="412" />
<SubTexture name="spooky DOWNnote MISS0007" x="463" y="2196" width="448" height="408" frameX="-8" frameY="0" frameWidth="463" frameHeight="412" />
<SubTexture name="spooky DOWNnote MISS0008" x="463" y="2196" width="448" height="408" frameX="-8" frameY="0" frameWidth="463" frameHeight="412" />
<SubTexture name="spooky DOWNnote MISS0009" x="463" y="2196" width="448" height="408" frameX="-8" frameY="0" frameWidth="463" frameHeight="412" />
<SubTexture name="spooky DOWNnote MISS0010" x="463" y="2196" width="448" height="408" frameX="-8" frameY="0" frameWidth="463" frameHeight="412" />
<SubTexture name="spooky DOWNnote MISS0011" x="463" y="2196" width="448" height="408" frameX="-8" frameY="0" frameWidth="463" frameHeight="412" />
<SubTexture name="spooky DOWNnote MISS0012" x="463" y="2196" width="448" height="408" frameX="-8" frameY="0" frameWidth="463" frameHeight="412" />
<SubTexture name="spooky DOWNnote MISS0013" x="463" y="2196" width="448" height="408" frameX="-8" frameY="0" frameWidth="463" frameHeight="412" />
<SubTexture name="spooky DOWNnote MISS0014" x="463" y="2196" width="448" height="408" frameX="-8" frameY="0" frameWidth="463" frameHeight="412" />
<SubTexture name="spooky DOWNnote MISS0015" x="463" y="2196" width="448" height="408" frameX="-8" frameY="0" frameWidth="463" frameHeight="412" />
<SubTexture name="spooky DOWNnote MISS0016" x="463" y="2196" width="448" height="408" frameX="-8" frameY="0" frameWidth="463" frameHeight="412" />
<SubTexture name="spooky DOWNnote MISS0017" x="463" y="2196" width="448" height="408" frameX="-8" frameY="0" frameWidth="463" frameHeight="412" />
<SubTexture name="spooky DOWNnote MISS0018" x="463" y="2196" width="448" height="408" frameX="-8" frameY="0" frameWidth="463" frameHeight="412" />
<SubTexture name="spooky DOWNnote MISS0019" x="463" y="2196" width="448" height="408" frameX="-8" frameY="0" frameWidth="463" frameHeight="412" />
<SubTexture name="spooky DOWNnote MISS0020" x="463" y="2196" width="448" height="408" frameX="-8" frameY="0" frameWidth="463" frameHeight="412" />
<SubTexture name="spooky DOWNnote MISS0021" x="463" y="2196" width="448" height="408" frameX="-8" frameY="0" frameWidth="463" frameHeight="412" />
<SubTexture name="spooky DOWNnote MISS0022" x="463" y="2196" width="448" height="408" frameX="-8" frameY="0" frameWidth="463" frameHeight="412" />
<SubTexture name="spooky DOWNnote MISS0023" x="463" y="2196" width="448" height="408" frameX="-8" frameY="0" frameWidth="463" frameHeight="412" />
<SubTexture name="spooky DOWNnote MISS0024" x="463" y="2196" width="448" height="408" frameX="-8" frameY="0" frameWidth="463" frameHeight="412" />
<SubTexture name="spooky UPNOTE MISS0000" x="0" y="0" width="399" height="571" frameX="-1" frameY="0" frameWidth="406" frameHeight="571" />
<SubTexture name="spooky UPNOTE MISS0001" x="399" y="0" width="446" height="571" frameX="49" frameY="0" frameWidth="456" frameHeight="571" />
<SubTexture name="spooky UPNOTE MISS0002" x="399" y="0" width="446" height="571" frameX="49" frameY="0" frameWidth="456" frameHeight="571" />
<SubTexture name="spooky UPNOTE MISS0003" x="0" y="571" width="447" height="566" frameX="50" frameY="-5" frameWidth="456" frameHeight="571" />
<SubTexture name="spooky UPNOTE MISS0004" x="0" y="571" width="447" height="566" frameX="50" frameY="-5" frameWidth="456" frameHeight="571" />
<SubTexture name="spooky UPNOTE MISS0005" x="0" y="571" width="447" height="566" frameX="50" frameY="-5" frameWidth="456" frameHeight="571" />
<SubTexture name="spooky UPNOTE MISS0006" x="0" y="571" width="447" height="566" frameX="50" frameY="-5" frameWidth="456" frameHeight="571" />
<SubTexture name="spooky UPNOTE MISS0007" x="0" y="571" width="447" height="566" frameX="50" frameY="-5" frameWidth="456" frameHeight="571" />
<SubTexture name="spooky UPNOTE MISS0008" x="0" y="571" width="447" height="566" frameX="50" frameY="-5" frameWidth="456" frameHeight="571" />
<SubTexture name="spooky UPNOTE MISS0009" x="0" y="571" width="447" height="566" frameX="50" frameY="-5" frameWidth="456" frameHeight="571" />
<SubTexture name="spooky UPNOTE MISS0010" x="0" y="571" width="447" height="566" frameX="50" frameY="-5" frameWidth="456" frameHeight="571" />
<SubTexture name="spooky UPNOTE MISS0011" x="0" y="571" width="447" height="566" frameX="50" frameY="-5" frameWidth="456" frameHeight="571" />
<SubTexture name="spooky UPNOTE MISS0012" x="0" y="571" width="447" height="566" frameX="50" frameY="-5" frameWidth="456" frameHeight="571" />
<SubTexture name="spooky UPNOTE MISS0013" x="0" y="571" width="447" height="566" frameX="50" frameY="-5" frameWidth="456" frameHeight="571" />
<SubTexture name="spooky UPNOTE MISS0014" x="0" y="571" width="447" height="566" frameX="50" frameY="-5" frameWidth="456" frameHeight="571" />
<SubTexture name="spooky UPNOTE MISS0015" x="0" y="571" width="447" height="566" frameX="50" frameY="-5" frameWidth="456" frameHeight="571" />
<SubTexture name="spooky UPNOTE MISS0016" x="0" y="571" width="447" height="566" frameX="50" frameY="-5" frameWidth="456" frameHeight="571" />
<SubTexture name="spooky UPNOTE MISS0017" x="0" y="571" width="447" height="566" frameX="50" frameY="-5" frameWidth="456" frameHeight="571" />
<SubTexture name="spooky UPNOTE MISS0018" x="0" y="571" width="447" height="566" frameX="50" frameY="-5" frameWidth="456" frameHeight="571" />
<SubTexture name="spooky UPNOTE MISS0019" x="0" y="571" width="447" height="566" frameX="50" frameY="-5" frameWidth="456" frameHeight="571" />
<SubTexture name="spooky UPNOTE MISS0020" x="0" y="571" width="447" height="566" frameX="50" frameY="-5" frameWidth="456" frameHeight="571" />
<SubTexture name="spooky UPNOTE MISS0021" x="0" y="571" width="447" height="566" frameX="50" frameY="-5" frameWidth="456" frameHeight="571" />
<SubTexture name="spooky UPNOTE MISS0022" x="0" y="571" width="447" height="566" frameX="50" frameY="-5" frameWidth="456" frameHeight="571" />
<SubTexture name="spooky UPNOTE MISS0023" x="0" y="571" width="447" height="566" frameX="50" frameY="-5" frameWidth="456" frameHeight="571" />
<SubTexture name="spooky UPNOTE MISS0024" x="0" y="571" width="447" height="566" frameX="50" frameY="-5" frameWidth="456" frameHeight="571" />
<SubTexture name="spooky singright MISS0000" x="2060" y="1051" width="442" height="524" frameX="0" frameY="-9" frameWidth="442" frameHeight="533" />
<SubTexture name="spooky singright MISS0001" x="1606" y="1137" width="442" height="524" frameX="0" frameY="-9" frameWidth="442" frameHeight="533" />
<SubTexture name="spooky singright MISS0002" x="1606" y="1137" width="442" height="524" frameX="0" frameY="-9" frameWidth="442" frameHeight="533" />
<SubTexture name="spooky singright MISS0003" x="1623" y="0" width="437" height="533" frameX="0" frameY="0" frameWidth="442" frameHeight="533" />
<SubTexture name="spooky singright MISS0004" x="1623" y="0" width="437" height="533" frameX="0" frameY="0" frameWidth="442" frameHeight="533" />
<SubTexture name="spooky singright MISS0005" x="1623" y="0" width="437" height="533" frameX="0" frameY="0" frameWidth="442" frameHeight="533" />
<SubTexture name="spooky singright MISS0006" x="1623" y="0" width="437" height="533" frameX="0" frameY="0" frameWidth="442" frameHeight="533" />
<SubTexture name="spooky singright MISS0007" x="1623" y="0" width="437" height="533" frameX="0" frameY="0" frameWidth="442" frameHeight="533" />
<SubTexture name="spooky singright MISS0008" x="1623" y="0" width="437" height="533" frameX="0" frameY="0" frameWidth="442" frameHeight="533" />
<SubTexture name="spooky singright MISS0009" x="1623" y="0" width="437" height="533" frameX="0" frameY="0" frameWidth="442" frameHeight="533" />
<SubTexture name="spooky singright MISS0010" x="1623" y="0" width="437" height="533" frameX="0" frameY="0" frameWidth="442" frameHeight="533" />
<SubTexture name="spooky singright MISS0011" x="1623" y="0" width="437" height="533" frameX="0" frameY="0" frameWidth="442" frameHeight="533" />
<SubTexture name="spooky singright MISS0012" x="1623" y="0" width="437" height="533" frameX="0" frameY="0" frameWidth="442" frameHeight="533" />
<SubTexture name="spooky singright MISS0013" x="1623" y="0" width="437" height="533" frameX="0" frameY="0" frameWidth="442" frameHeight="533" />
<SubTexture name="spooky singright MISS0014" x="1623" y="0" width="437" height="533" frameX="0" frameY="0" frameWidth="442" frameHeight="533" />
<SubTexture name="spooky singright MISS0015" x="1623" y="0" width="437" height="533" frameX="0" frameY="0" frameWidth="442" frameHeight="533" />
<SubTexture name="spooky singright MISS0016" x="1623" y="0" width="437" height="533" frameX="0" frameY="0" frameWidth="442" frameHeight="533" />
<SubTexture name="spooky singright MISS0017" x="1623" y="0" width="437" height="533" frameX="0" frameY="0" frameWidth="442" frameHeight="533" />
<SubTexture name="spooky singright MISS0018" x="1623" y="0" width="437" height="533" frameX="0" frameY="0" frameWidth="442" frameHeight="533" />
<SubTexture name="spooky singright MISS0019" x="1623" y="0" width="437" height="533" frameX="0" frameY="0" frameWidth="442" frameHeight="533" />
<SubTexture name="spooky singright MISS0020" x="1623" y="0" width="437" height="533" frameX="0" frameY="0" frameWidth="442" frameHeight="533" />
<SubTexture name="spooky singright MISS0021" x="1623" y="0" width="437" height="533" frameX="0" frameY="0" frameWidth="442" frameHeight="533" />
<SubTexture name="spooky singright MISS0022" x="1623" y="0" width="437" height="533" frameX="0" frameY="0" frameWidth="442" frameHeight="533" />
<SubTexture name="spooky singright MISS0023" x="1623" y="0" width="437" height="533" frameX="0" frameY="0" frameWidth="442" frameHeight="533" />
<SubTexture name="spooky singright MISS0024" x="1623" y="0" width="437" height="533" frameX="0" frameY="0" frameWidth="442" frameHeight="533" />
</TextureAtlas>
