﻿<?xml version="1.0" encoding="utf-8"?>
<TextureAtlas imagePath="TABI.png">
	<!-- Created with Adobe Animate version 21.0.0.35450 -->
	<!-- http://www.adobe.com/products/animate.html -->
	<SubTexture name="Dad Sing Note DOWN0000" x="0" y="2355" width="607" height="670" pivotX="438.45" pivotY="393.25" frameX="0" frameY="0" frameWidth="608" frameHeight="669"/>
	<SubTexture name="Dad Sing Note DOWN0001" x="0" y="2355" width="607" height="670" frameX="0" frameY="0" frameWidth="608" frameHeight="669"/>
	<SubTexture name="Dad Sing Note DOWN0002" x="608" y="2355" width="608" height="670" frameX="0" frameY="0" frameWidth="608" frameHeight="669"/>
	<SubTexture name="Dad Sing Note DOWN0003" x="608" y="2355" width="608" height="670" frameX="0" frameY="0" frameWidth="608" frameHeight="669"/>
	<SubTexture name="Dad Sing Note DOWN0004" x="1217" y="2355" width="608" height="670" frameX="0" frameY="0" frameWidth="608" frameHeight="669"/>
	<SubTexture name="Dad Sing Note DOWN0005" x="1217" y="2355" width="608" height="670" frameX="0" frameY="0" frameWidth="608" frameHeight="669"/>
	<SubTexture name="Dad Sing Note DOWN0006" x="1826" y="2355" width="609" height="670"/>
	<SubTexture name="Dad Sing Note DOWN0007" x="2436" y="2355" width="608" height="670"/>
	<SubTexture name="Dad Sing Note DOWN0008" x="1826" y="2355" width="609" height="670"/>
	<SubTexture name="Dad Sing Note DOWN0009" x="1826" y="2355" width="609" height="670"/>
	<SubTexture name="Dad Sing Note DOWN0010" x="1826" y="2355" width="609" height="670"/>
	<SubTexture name="Dad Sing Note DOWN0011" x="1826" y="2355" width="609" height="670"/>
	<SubTexture name="Dad Sing Note DOWN0012" x="2436" y="2355" width="608" height="670"/>
	<SubTexture name="Dad Sing Note DOWN0013" x="1826" y="2355" width="609" height="670"/>
	<SubTexture name="Dad Sing Note DOWN0014" x="1826" y="2355" width="609" height="670"/>
	<SubTexture name="Dad idle dance0000" x="0" y="791" width="451" height="779" pivotX="-246.8" pivotY="22.55" frameX="-7" frameY="-4" frameWidth="465" frameHeight="779"/>
	<SubTexture name="Dad idle dance0001" x="452" y="791" width="451" height="779" frameX="-7" frameY="-4" frameWidth="465" frameHeight="779"/>
	<SubTexture name="Dad idle dance0002" x="904" y="791" width="466" height="779" frameX="0" frameY="-4" frameWidth="465" frameHeight="779"/>
	<SubTexture name="Dad idle dance0003" x="1371" y="791" width="464" height="779" frameX="0" frameY="-4" frameWidth="465" frameHeight="779"/>
	<SubTexture name="Dad idle dance0004" x="1836" y="791" width="459" height="779" frameX="-3" frameY="-4" frameWidth="465" frameHeight="779"/>
	<SubTexture name="Dad idle dance0005" x="2296" y="791" width="459" height="779" frameX="-3" frameY="-4" frameWidth="465" frameHeight="779"/>
	<SubTexture name="Dad idle dance0006" x="0" y="1571" width="447" height="783" frameX="-9" frameY="0" frameWidth="465" frameHeight="779"/>
	<SubTexture name="Dad idle dance0007" x="448" y="1571" width="446" height="783" frameX="-9" frameY="0" frameWidth="465" frameHeight="779"/>
	<SubTexture name="Dad idle dance0008" x="895" y="1571" width="446" height="783" frameX="-9" frameY="0" frameWidth="465" frameHeight="779"/>
	<SubTexture name="Dad idle dance0009" x="895" y="1571" width="446" height="783" frameX="-9" frameY="0" frameWidth="465" frameHeight="779"/>
	<SubTexture name="Dad idle dance0010" x="1342" y="1571" width="451" height="783" frameX="-7" frameY="0" frameWidth="465" frameHeight="779"/>
	<SubTexture name="Dad idle dance0011" x="1794" y="1571" width="451" height="783" frameX="-7" frameY="0" frameWidth="465" frameHeight="779"/>
	<SubTexture name="Dad idle dance0012" x="1794" y="1571" width="451" height="783" frameX="-7" frameY="0" frameWidth="465" frameHeight="779"/>
	<SubTexture name="Dad idle dance0013" x="1342" y="1571" width="451" height="783" frameX="-7" frameY="0" frameWidth="465" frameHeight="779"/>
	<SubTexture name="Dad Sing Note LEFT0000" x="3045" y="0" width="741" height="754" pivotX="517.75" pivotY="438.6" frameX="0" frameY="2" frameWidth="744" frameHeight="749"/>
	<SubTexture name="Dad Sing Note LEFT0001" x="3045" y="755" width="742" height="750" frameX="0" frameY="0" frameWidth="744" frameHeight="749"/>
	<SubTexture name="Dad Sing Note LEFT0002" x="3045" y="1506" width="736" height="743" frameX="-7" frameY="-6" frameWidth="744" frameHeight="749"/>
	<SubTexture name="Dad Sing Note LEFT0003" x="3045" y="1506" width="736" height="743" frameX="-7" frameY="-6" frameWidth="744" frameHeight="749"/>
	<SubTexture name="Dad Sing Note LEFT0004" x="3045" y="2251" width="724" height="747" frameX="-19" frameY="-2" frameWidth="744" frameHeight="749"/>
	<SubTexture name="Dad Sing Note LEFT0005" x="3045" y="2251" width="724" height="747" frameX="-19" frameY="-2" frameWidth="744" frameHeight="749"/>
	<SubTexture name="Dad Sing Note LEFT0006" x="3045" y="2999" width="718" height="750" frameX="-27" frameY="1" frameWidth="744" frameHeight="749"/>
	<SubTexture name="Dad Sing Note RIGHT0000" x="0" y="0" width="698" height="790" pivotX="558.85" pivotY="477.55" frameX="0" frameY="0" frameWidth="697" frameHeight="791"/>
	<SubTexture name="Dad Sing Note RIGHT0001" x="699" y="0" width="697" height="790" frameX="0" frameY="0" frameWidth="697" frameHeight="791"/>
	<SubTexture name="Dad Sing Note RIGHT0002" x="1398" y="0" width="672" height="790" frameX="-2" frameY="0" frameWidth="697" frameHeight="791"/>
	<SubTexture name="Dad Sing Note RIGHT0003" x="2071" y="0" width="671" height="790" frameX="-2" frameY="0" frameWidth="697" frameHeight="791"/>
	<SubTexture name="Dad Sing Note RIGHT0004" x="2250" y="1571" width="670" height="783" frameX="-3" frameY="-7" frameWidth="697" frameHeight="791"/>
	<SubTexture name="Dad Sing Note UP0000" x="0" y="3025" width="522" height="831" pivotX="492.65" pivotY="519.25" frameX="-23" frameY="0" frameWidth="555" frameHeight="832"/>
	<SubTexture name="Dad Sing Note UP0001" x="523" y="3025" width="522" height="831" frameX="-23" frameY="0" frameWidth="555" frameHeight="832"/>
	<SubTexture name="Dad Sing Note UP0002" x="1046" y="3025" width="554" height="831" frameX="0" frameY="0" frameWidth="555" frameHeight="832"/>
	<SubTexture name="Dad Sing Note UP0003" x="1601" y="3025" width="554" height="831" frameX="0" frameY="0" frameWidth="555" frameHeight="832"/>
	<SubTexture name="Dad Sing Note UP0004" x="2156" y="3025" width="549" height="831" frameX="-6" frameY="0" frameWidth="555" frameHeight="832"/>
</TextureAtlas>
