﻿<?xml version="1.0" encoding="utf-8"?>
<TextureAtlas imagePath="tord_assets.png">
	<!-- Created with Adobe Animate version 19.0.0.326 -->
	<!-- http://www.adobe.com/products/animate.html -->
<SubTexture name="tord down0000" x="0" y="0" width="328" height="670" frameX="-14" frameY="25" frameWidth="382" frameHeight="700"/>
<SubTexture name="tord down0001" x="0" y="0" width="328" height="670" frameX="-14" frameY="25" frameWidth="382" frameHeight="700"/>
<SubTexture name="tord down0002" x="332" y="0" width="328" height="670" frameX="-14" frameY="25" frameWidth="382" frameHeight="700"/>
<SubTexture name="tord down0003" x="332" y="0" width="328" height="670" frameX="-14" frameY="25" frameWidth="382" frameHeight="700"/>
<SubTexture name="tord down0004" x="664" y="0" width="328" height="670" frameX="-14" frameY="25" frameWidth="382" frameHeight="700"/>
<SubTexture name="tord down0005" x="664" y="0" width="328" height="670" frameX="-14" frameY="25" frameWidth="382" frameHeight="700"/>
<SubTexture name="tord down0006" x="996" y="0" width="328" height="670" frameX="-14" frameY="25" frameWidth="382" frameHeight="700"/>
<SubTexture name="tord down0007" x="996" y="0" width="328" height="670" frameX="-14" frameY="25" frameWidth="382" frameHeight="700"/>
<SubTexture name="tord down0008" x="996" y="0" width="328" height="670" frameX="-14" frameY="25" frameWidth="382" frameHeight="700"/>
<SubTexture name="tord down0009" x="996" y="0" width="328" height="670" frameX="-14" frameY="25" frameWidth="382" frameHeight="700"/>
<SubTexture name="tord down0010" x="996" y="0" width="328" height="670" frameX="-14" frameY="25" frameWidth="382" frameHeight="700"/>
<SubTexture name="tord down0011" x="996" y="0" width="328" height="670" frameX="-14" frameY="25" frameWidth="382" frameHeight="700"/>
<SubTexture name="tord down0012" x="996" y="0" width="328" height="670" frameX="-14" frameY="25" frameWidth="382" frameHeight="700"/>
<SubTexture name="tord idle0000" x="1328" y="0" width="355" height="666"/>
<SubTexture name="tord idle0001" x="1328" y="0" width="355" height="666"/>
<SubTexture name="tord idle0002" x="1683" y="0" width="355" height="666"/>
<SubTexture name="tord idle0003" x="1683" y="0" width="355" height="666"/>
<SubTexture name="tord idle0004" x="0" y="670" width="355" height="666"/>
<SubTexture name="tord idle0005" x="0" y="670" width="355" height="666"/>
<SubTexture name="tord idle0006" x="355" y="670" width="355" height="666"/>
<SubTexture name="tord idle0007" x="355" y="670" width="355" height="666"/>
<SubTexture name="tord idle0008" x="1328" y="0" width="355" height="666"/>
<SubTexture name="tord idle0009" x="1328" y="0" width="355" height="666"/>
<SubTexture name="tord idle0010" x="1328" y="0" width="355" height="666"/>
<SubTexture name="tord idle0011" x="1328" y="0" width="355" height="666"/>
<SubTexture name="tord idle0012" x="1328" y="0" width="355" height="666"/>
<SubTexture name="tord idle0013" x="1328" y="0" width="355" height="666"/>
<SubTexture name="tord idle0014" x="1328" y="0" width="355" height="666"/>
<SubTexture name="tord idle0015" x="1328" y="0" width="355" height="666"/>
<SubTexture name="tord idle0016" x="1328" y="0" width="355" height="666"/>
<SubTexture name="tord idle0017" x="1328" y="0" width="355" height="666"/>
<SubTexture name="tord idle0018" x="1328" y="0" width="355" height="666"/>
<SubTexture name="tord idle0019" x="1328" y="0" width="355" height="666"/>
<SubTexture name="tord idle0020" x="1328" y="0" width="355" height="666"/>
<SubTexture name="tord idle0021" x="1328" y="0" width="355" height="666"/>
<SubTexture name="tord idle0022" x="1328" y="0" width="355" height="666"/>
<SubTexture name="tord idle0023" x="1328" y="0" width="355" height="666"/>
<SubTexture name="tord idle0024" x="1328" y="0" width="355" height="666"/>
<SubTexture name="tord left0000" x="710" y="670" width="383" height="664" frameX="43" frameY="16" frameWidth="382" frameHeight="700"/>
/>
<SubTexture name="tord left0001" x="710" y="670" width="383" height="664" frameX="43" frameY="16" frameWidth="382" frameHeight="700"/>
<SubTexture name="tord left0002" x="1096" y="670" width="383" height="664" frameX="43" frameY="16" frameWidth="382" frameHeight="700"/>
<SubTexture name="tord left0003" x="1096" y="670" width="383" height="664" frameX="43" frameY="16" frameWidth="382" frameHeight="700"/>
<SubTexture name="tord left0004" x="1482" y="670" width="383" height="664" frameX="43" frameY="16" frameWidth="382" frameHeight="700"/>
<SubTexture name="tord left0005" x="1482" y="670" width="383" height="664" frameX="43" frameY="16" frameWidth="382" frameHeight="700"/>
<SubTexture name="tord left0006" x="0" y="1336" width="383" height="664" frameX="43" frameY="16" frameWidth="382" frameHeight="700"/>
<SubTexture name="tord left0007" x="0" y="1336" width="383" height="664" frameX="43" frameY="16" frameWidth="382" frameHeight="700"/>
<SubTexture name="tord left0008" x="0" y="1336" width="383" height="664" frameX="43" frameY="16" frameWidth="382" frameHeight="700"/>
<SubTexture name="tord left0009" x="0" y="1336" width="383" height="664" frameX="43" frameY="16" frameWidth="382" frameHeight="700"/>
<SubTexture name="tord left0010" x="0" y="1336" width="383" height="664" frameX="43" frameY="16" frameWidth="382" frameHeight="700"/>
<SubTexture name="tord left0011" x="0" y="1336" width="383" height="664" frameX="43" frameY="16" frameWidth="382" frameHeight="700"/>
<SubTexture name="tord left0012" x="0" y="1336" width="383" height="664" frameX="43" frameY="16" frameWidth="382" frameHeight="700"/>
<SubTexture name="tord left0013" x="0" y="1336" width="383" height="664" frameX="43" frameY="16" frameWidth="382" frameHeight="700"/>
<SubTexture name="tord left0014" x="0" y="1336" width="383" height="664" frameX="43" frameY="16" frameWidth="382" frameHeight="700"/>
<SubTexture name="tord left0015" x="0" y="1336" width="383" height="664" frameX="43" frameY="16" frameWidth="382" frameHeight="700"/>
<SubTexture name="tord left0016" x="0" y="1336" width="383" height="664" frameX="43" frameY="16" frameWidth="382" frameHeight="700"/>
<SubTexture name="tord right0000" x="386" y="1336" width="414" height="673" frameX="5" frameY="20" frameWidth="382" frameHeight="700"/>
<SubTexture name="tord right0001" x="386" y="1336" width="414" height="673" frameX="5" frameY="20" frameWidth="382" frameHeight="700"/>
<SubTexture name="tord right0002" x="800" y="1336" width="414" height="673" frameX="5" frameY="20" frameWidth="382" frameHeight="700"/>
<SubTexture name="tord right0003" x="800" y="1336" width="414" height="673" frameX="5" frameY="20" frameWidth="382" frameHeight="700"/>
<SubTexture name="tord right0004" x="1214" y="1336" width="414" height="673" frameX="5" frameY="20" frameWidth="382" frameHeight="700"/>
<SubTexture name="tord right0005" x="1214" y="1336" width="414" height="673" frameX="5" frameY="20" frameWidth="382" frameHeight="700"/>
<SubTexture name="tord right0006" x="1628" y="1336" width="414" height="673" frameX="5" frameY="20" frameWidth="382" frameHeight="700"/>
<SubTexture name="tord right0007" x="1628" y="1336" width="414" height="673" frameX="5" frameY="20" frameWidth="382" frameHeight="700"/>
<SubTexture name="tord right0008" x="1628" y="1336" width="414" height="673" frameX="5" frameY="20" frameWidth="382" frameHeight="700"/>
<SubTexture name="tord right0009" x="1628" y="1336" width="414" height="673" frameX="5" frameY="20" frameWidth="382" frameHeight="700"/>
<SubTexture name="tord up0000" x="0" y="2009" width="373" height="696" frameX="10" frameY="6" frameWidth="382" frameHeight="700"/>
<SubTexture name="tord up0001" x="0" y="2009" width="373" height="696" frameX="10" frameY="6" frameWidth="382" frameHeight="700"/>
<SubTexture name="tord up0002" x="373" y="2009" width="373" height="696" frameX="10" frameY="6" frameWidth="382" frameHeight="700"/>
<SubTexture name="tord up0003" x="373" y="2009" width="373" height="696" frameX="10" frameY="6" frameWidth="382" frameHeight="700"/>
<SubTexture name="tord up0004" x="746" y="2009" width="373" height="696" frameX="10" frameY="6" frameWidth="382" frameHeight="700"/>
<SubTexture name="tord up0005" x="746" y="2009" width="373" height="696" frameX="10" frameY="6" frameWidth="382" frameHeight="700"/>
<SubTexture name="tord up0006" x="1119" y="2009" width="373" height="696" frameX="10" frameY="6" frameWidth="382" frameHeight="700"/>
<SubTexture name="tord up0007" x="1119" y="2009" width="373" height="696" frameX="10" frameY="6" frameWidth="382" frameHeight="700"/>
<SubTexture name="tord up0008" x="1119" y="2009" width="373" height="696" frameX="10" frameY="6" frameWidth="382" frameHeight="700"/>
<SubTexture name="tord up0009" x="1119" y="2009" width="373" height="696" frameX="10" frameY="6" frameWidth="382" frameHeight="700"/>
<SubTexture name="tord up0010" x="1119" y="2009" width="373" height="696" frameX="10" frameY="6" frameWidth="382" frameHeight="700"/>
<SubTexture name="tord up0011" x="1119" y="2009" width="373" height="696" frameX="10" frameY="6" frameWidth="382" frameHeight="700"/>
<SubTexture name="tord up0012" x="1119" y="2009" width="373" height="696" frameX="10" frameY="6" frameWidth="382" frameHeight="700"/>
<SubTexture name="tord up0013" x="1119" y="2009" width="373" height="696" frameX="10" frameY="6" frameWidth="382" frameHeight="700"/>
</TextureAtlas>
