{
  "version": "2.2.0",
  "songName": "Animal Everyone Sings",
  "artist": "Scooby2372",
  "looped": false,
  "offsets": {
    "instrumental": 0,
    "altInstrumentals": {},
    "vocals": {}
  },
  "playData": {
    "album": "volume1",
    "previewStart": 0,
    "previewEnd": 15000,
    "songVariations": [],
    "difficulties": [
      "hard"
    ],
    "characters": {
      "album": "volume1",
      "player": "bf-animal",
      "girlfriend": "gf",
      "opponent": "annie-animal",
      "instrumental": "",
      "altInstrumentals": []
    },
    "stage": "Animal",
    "noteStyle": "funkin",
    "ratings": {}
  },
  "timeFormat": "ms",
  "timeChanges": [
    {
      "t": 0,
      "b": 0,
      "bpm": 140,
      "n": 4,
      "d": 4,
      "bt": [
        4,
        4,
        4,
        4
      ]
    }
  ],
  "generatedBy": "FNF Porter (by Gusborg, tposejank, BombasticTom & VocalFan)",
  "ratings": {
    "hard": 0
  }
}