{
  "version": "2.0.0",
  "scrollSpeed": {
    "hard": 2.2
  },
  "events": [
    {
      "t": 8571.42857142857,
      "e": "CharacterAnimal",
      "v": {
       	"character": "dad",
      	"newchar": "monster-animal"
      }
    },
    {
      "t": 12000,
      "e": "CharacterAnimal",
      "v": {
       	"character": "bf",
      	"newchar": "spooky-animal"
      }
    },
    {
      "t": 17142.8571428571,
      "e": "CharacterAnimal",
      "v": {
       	"character": "dad",
      	"newchar": "garcello-animal"
      }
    },
    {
      "t": 20571.4285714286,
      "e": "CharacterAnimal",
      "v": {
       	"character": "bf",
      	"newchar": "matt-animal"
      }
    },
    {
      "t": 23571.4285714286,
      "e": "CharacterAnimal",
      "v": {
       	"character": "dad",
      	"newchar": "evmiku-animal"
      }
    },
    {
      "t": 27000,
      "e": "CharacterAnimal",
      "v": {
       	"character": "bf",
      	"newchar": "monika-animal"
      }
    },
    {
      "t": 30857.1428571429,
      "e": "CharacterAnimal",
      "v": {
       	"character": "dad",
      	"newchar": "selever-animal"
      }
    },
    {
      "t": 37714.2857142857,
      "e": "CharacterAnimal",
      "v": {
       	"character": "bf",
      	"newchar": "ruv-animal"
      }
    },
    {
      "t": 41142.8571428572,
      "e": "CharacterAnimal",
      "v": {
       	"character": "dad",
      	"newchar": "senpaiangry-animal"
      }
    },
    {
      "t": 44571.4285714286,
      "e": "CharacterAnimal",
      "v": {
       	"character": "bf",
      	"newchar": "tankman-animal"
      }
    },
    {
      "t": 48000,
      "e": "CharacterAnimal",
      "v": {
       	"character": "dad",
      	"newchar": "liz-animal"
      }
    },
        {
      "t": 54857.1428571429,
      "e": "CharacterAnimal",
      "v": {
       	"character": "gf",
      	"newchar": "speakers-animal"
      }
    },
        {
      "t": 54857.1428571429,
      "e": "CharacterAnimal",
      "v": {
       	"character": "bf",
      	"newchar": "playablegf-animal"
      }
    },
    {
      "t": 65142.8571428572,
      "e": "CharacterAnimal",
      "v": {
       	"character": "gf",
      	"newchar": "gf"
      }
    },
    {
      "t": 61714.2857142858,
      "e": "CharacterAnimal",
      "v": {
       	"character": "dad",
      	"newchar": "dad-animal"
      }
    },
    {
      "t": 65142.8571428572,
      "e": "CharacterAnimal",
      "v": {
       	"character": "bf",
      	"newchar": "mom-animal"
      }
    },
    {
      "t": 68571.4285714286,
      "e": "CharacterAnimal",
      "v": {
       	"character": "dad",
      	"newchar": "frisk-animal"
      }
    },
    {
      "t": 72000,
      "e": "CharacterAnimal",
      "v": {
       	"character": "bf",
      	"newchar": "sans-animal"
      }
    },
    {
      "t": 75428.5714285715,
      "e": "CharacterAnimal",
      "v": {
       	"character": "dad",
      	"newchar": "whitty-animal"
      }
    },
    {
      "t": 78857.1428571429,
      "e": "CharacterAnimal",
      "v": {
       	"character": "bf",
      	"newchar": "hex-animal"
      }
    },
    {
      "t": 82285.7142857143,
      "e": "CharacterAnimal",
      "v": {
       	"character": "dad",
      	"newchar": "pico-animal"
      }
    },
    {
      "t": 82285.7142857143,
      "e": "CharacterAnimal",
      "v": {
       	"character": "bf",
      	"newchar": "kapi-animal"
      }
    },
    {
      "t": 90857.1428571429,
      "e": "CharacterAnimal",
      "v": {
       	"character": "dad",
      	"newchar": "agoti-animal"
      }
    },
    {
      "t": 94285.7142857143,
      "e": "CharacterAnimal",
      "v": {
       	"character": "bf",
      	"newchar": "tabi-animal"
      }
    },
    {
      "t": 97714.2857142857,
      "e": "CharacterAnimal",
      "v": {
       	"character": "dad",
      	"newchar": "tord-animal"
      }
    },
    {
      "t": 104571.428571429,
      "e": "CharacterAnimal",
      "v": {
       	"character": "bf",
      	"newchar": "tom-animal"
      }
    },
    {
      "t": 111428.571428571,
      "e": "CharacterAnimal",
      "v": {
       	"character": "dad",
      	"newchar": "carol-animal"
      }
    },
    {
      "t": 114857.142857143,
      "e": "CharacterAnimal",
      "v": {
       	"character": "bf",
      	"newchar": "sky-animal"
      }
    },
    {
      "t": 117285.714285714,
      "e": "CharacterAnimal",
      "v": {
       	"character": "bf",
      	"newchar": "skyangry-animal"
      }
    },
    {
      "t": 0,
      "e": "FocusCamera",
      "v": {
        "char": "1"
      }
    },
    {
      "t": 5142.857142857143,
      "e": "FocusCamera",
      "v": {
        "char": "0"
      }
    },
    {
      "t": 8571.42857142857,
      "e": "FocusCamera",
      "v": {
        "char": "1"
      }
    },
    {
      "t": 12000.0,
      "e": "FocusCamera",
      "v": {
        "char": "0"
      }
    },
    {
      "t": 17142.85714285714,
      "e": "FocusCamera",
      "v": {
        "char": "1"
      }
    },
    {
      "t": 20571.428571428572,
      "e": "FocusCamera",
      "v": {
        "char": "0"
      }
    },
    {
      "t": 24000.0,
      "e": "FocusCamera",
      "v": {
        "char": "1"
      }
    },
    {
      "t": 27428.571428571428,
      "e": "FocusCamera",
      "v": {
        "char": "0"
      }
    },
    {
      "t": 30857.142857142855,
      "e": "FocusCamera",
      "v": {
        "char": "1"
      }
    },
    {
      "t": 37714.28571428571,
      "e": "FocusCamera",
      "v": {
        "char": "0"
      }
    },
    {
      "t": 41142.857142857145,
      "e": "FocusCamera",
      "v": {
        "char": "1"
      }
    },
    {
      "t": 44571.42857142857,
      "e": "FocusCamera",
      "v": {
        "char": "0"
      }
    },
    {
      "t": 48000.0,
      "e": "FocusCamera",
      "v": {
        "char": "1"
      }
    },
    {
      "t": 54857.142857142855,
      "e": "FocusCamera",
      "v": {
        "char": "0"
      }
    },
    {
      "t": 61714.28571428571,
      "e": "FocusCamera",
      "v": {
        "char": "1"
      }
    },
    {
      "t": 65142.85714285714,
      "e": "FocusCamera",
      "v": {
        "char": "0"
      }
    },
    {
      "t": 68571.42857142857,
      "e": "FocusCamera",
      "v": {
        "char": "1"
      }
    },
    {
      "t": 72000.0,
      "e": "FocusCamera",
      "v": {
        "char": "0"
      }
    },
    {
      "t": 75428.57142857142,
      "e": "FocusCamera",
      "v": {
        "char": "1"
      }
    },
    {
      "t": 78857.14285714286,
      "e": "FocusCamera",
      "v": {
        "char": "0"
      }
    },
    {
      "t": 82285.71428571429,
      "e": "FocusCamera",
      "v": {
        "char": "1"
      }
    },
    {
      "t": 84000.0,
      "e": "FocusCamera",
      "v": {
        "char": "0"
      }
    },
    {
      "t": 90857.14285714286,
      "e": "FocusCamera",
      "v": {
        "char": "1"
      }
    },
    {
      "t": 94285.71428571428,
      "e": "FocusCamera",
      "v": {
        "char": "0"
      }
    },
    {
      "t": 97714.28571428571,
      "e": "FocusCamera",
      "v": {
        "char": "1"
      }
    },
    {
      "t": 104571.42857142857,
      "e": "FocusCamera",
      "v": {
        "char": "0"
      }
    },
    {
      "t": 111428.57142857142,
      "e": "FocusCamera",
      "v": {
        "char": "1"
      }
    },
    {
      "t": 114857.14285714286,
      "e": "FocusCamera",
      "v": {
        "char": "0"
      }
    },
    {
      "t": 118285.714285714,
      "e": "PlayAnimation",
      "v": {
        "target": "bf",
        "anim": "singUP-alt",
        "force": true
      }
    },
    {
      "t": 120000.0,
      "e": "FocusCamera",
      "v": {
        "char": "1"
      }
    },
    {
      "t": 123428.57142857142,
      "e": "FocusCamera",
      "v": {
        "char": "0"
      }
    },
    {
      "t": 126857.14285714286,
      "e": "FocusCamera",
      "v": {
        "char": "1"
      }
    },
    {
      "t": 128571.42857142857,
      "e": "FocusCamera",
      "v": {
        "char": "0"
      }
    },
    {
      "t": 130285.71428571428,
      "e": "FocusCamera",
      "v": {
        "char": "1"
      }
    },
    {
      "t": 132000.0,
      "e": "FocusCamera",
      "v": {
        "char": "0"
      }
    },
    {
      "t": 133714.2857142857,
      "e": "FocusCamera",
      "v": {
        "char": "1"
      }
    },
    {
      "t": 137142.85714285713,
      "e": "FocusCamera",
      "v": {
        "char": "0"
      }
    },
    {
      "t": 140571.42857142858,
      "e": "FocusCamera",
      "v": {
        "char": "1"
      }
    },
    {
      "t": 142285.7142857143,
      "e": "FocusCamera",
      "v": {
        "char": "0"
      }
    }
  ],
  "notes": {
    "hard": [
      {
        "d": 5,
        "t": 1714.28571428571
      },
      {
        "d": 7,
        "t": 1928.57142857143
      },
      {
        "d": 4,
        "t": 2035.71428571429
      },
      {
        "d": 7,
        "t": 2142.85714285714
      },
      {
        "d": 4,
        "t": 2357.14285714286
      },
      {
        "d": 7,
        "t": 2571.42857142857
      },
      {
        "d": 7,
        "t": 2785.71428571429
      },
      {
        "d": 6,
        "t": 2892.85714285714
      },
      {
        "d": 5,
        "t": 3000
      },
      {
        "d": 4,
        "t": 3214.28571428571
      },
      {
        "d": 5,
        "t": 3428.57142857143
      },
      {
        "d": 7,
        "t": 3642.85714285714
      },
      {
        "d": 4,
        "t": 3750
      },
      {
        "d": 7,
        "t": 3857.14285714286
      },
      {
        "d": 4,
        "t": 4071.42857142857
      },
      {
        "d": 7,
        "t": 4285.71428571429
      },
      {
        "d": 7,
        "t": 4500
      },
      {
        "d": 6,
        "t": 4607.14285714286
      },
      {
        "d": 7,
        "t": 4714.28571428571
      },
      {
        "d": 6,
        "t": 4928.57142857143
      },
      {
        "d": 1,
        "t": 5142.85714285714
      },
      {
        "d": 3,
        "t": 5357.14285714286
      },
      {
        "d": 0,
        "t": 5464.28571428571
      },
      {
        "d": 3,
        "t": 5571.42857142857
      },
      {
        "d": 0,
        "t": 5785.71428571429
      },
      {
        "d": 3,
        "t": 6000
      },
      {
        "d": 3,
        "t": 6214.28571428571
      },
      {
        "d": 2,
        "t": 6321.42857142857
      },
      {
        "d": 1,
        "t": 6428.57142857143
      },
      {
        "d": 0,
        "t": 6642.85714285714
      },
      {
        "d": 5,
        "t": 5142.85714285714
      },
      {
        "d": 1,
        "t": 6857.14285714286
      },
      {
        "d": 3,
        "t": 7071.42857142857
      },
      {
        "d": 0,
        "t": 7178.57142857143
      },
      {
        "d": 3,
        "t": 7285.71428571429
      },
      {
        "d": 0,
        "t": 7500
      },
      {
        "d": 3,
        "t": 7714.28571428571
      },
      {
        "d": 3,
        "t": 7928.57142857143
      },
      {
        "d": 2,
        "t": 8035.71428571429
      },
      {
        "d": 3,
        "t": 8142.85714285714
      },
      {
        "d": 2,
        "t": 8357.14285714286
      },
      {
        "d": 2,
        "t": 8571.42857142857
      },
      {
        "d": 5,
        "t": 9000
      },
      {
        "d": 4,
        "t": 9428.57142857143
      },
      {
        "d": 4,
        "t": 9642.85714285714
      },
      {
        "d": 6,
        "t": 9750
      },
      {
        "d": 4,
        "t": 10071.4285714286
      },
      {
        "d": 5,
        "t": 9857.14285714286
      },
      {
        "d": 6,
        "l": 107.142857142857,
        "t": 8607.14285714286
      },
      {
        "d": 5,
        "t": 10285.7142857143
      },
      {
        "d": 5,
        "t": 10500
      },
      {
        "d": 6,
        "t": 10607.1428571429
      },
      {
        "d": 5,
        "t": 10714.2857142857
      },
      {
        "d": 4,
        "t": 10821.4285714286
      },
      {
        "d": 5,
        "t": 10928.5714285714
      },
      {
        "d": 6,
        "t": 11035.7142857143
      },
      {
        "d": 5,
        "t": 11142.8571428571
      },
      {
        "d": 6,
        "t": 11357.1428571429
      },
      {
        "d": 5,
        "t": 11571.4285714286
      },
      {
        "d": 4,
        "t": 11785.7142857143
      },
      {
        "d": 1,
        "t": 12428.5714285714
      },
      {
        "d": 0,
        "t": 12857.1428571429
      },
      {
        "d": 0,
        "t": 13071.4285714286
      },
      {
        "d": 2,
        "t": 13178.5714285714
      },
      {
        "d": 0,
        "t": 13500
      },
      {
        "d": 1,
        "t": 13285.7142857143
      },
      {
        "d": 5,
        "t": 12000
      },
      {
        "d": 2,
        "l": 107.142857142857,
        "t": 12035.7142857143
      },
      {
        "d": 1,
        "t": 13714.2857142857
      },
      {
        "d": 1,
        "t": 13928.5714285714
      },
      {
        "d": 2,
        "t": 14035.7142857143
      },
      {
        "d": 1,
        "t": 14142.8571428571
      },
      {
        "d": 0,
        "t": 14250
      },
      {
        "d": 1,
        "t": 14357.1428571429
      },
      {
        "d": 2,
        "t": 14464.2857142857
      },
      {
        "d": 1,
        "t": 14571.4285714286
      },
      {
        "d": 2,
        "t": 14785.7142857143
      },
      {
        "d": 1,
        "t": 15000
      },
      {
        "d": 0,
        "t": 15214.2857142857
      },
      {
        "d": 1,
        "l": 1607,
        "t": 15428
      },
      {
        "d": 7,
        "t": 17357.1428571429
      },
      {
        "d": 6,
        "t": 17571.4285714286
      },
      {
        "d": 5,
        "t": 17678.5714285714
      },
      {
        "d": 4,
        "t": 17785.7142857143
      },
      {
        "d": 5,
        "t": 18000
      },
      {
        "d": 6,
        "t": 18214.2857142857
      },
      {
        "d": 7,
        "t": 18321.4285714286
      },
      {
        "d": 6,
        "t": 18428.5714285714
      },
      {
        "d": 5,
        "t": 18642.8571428571
      },
      {
        "d": 4,
        "l": 107.142857142857,
        "t": 17178.5714285714
      },
      {
        "d": 4,
        "t": 18857.1428571429
      },
      {
        "d": 5,
        "t": 19071.4285714286
      },
      {
        "d": 5,
        "t": 19285.7142857143
      },
      {
        "d": 4,
        "t": 19392.8571428571
      },
      {
        "d": 4,
        "t": 19500
      },
      {
        "d": 5,
        "t": 19714.2857142857
      },
      {
        "d": 5,
        "t": 19928.5714285714
      },
      {
        "d": 6,
        "t": 20035.7142857143
      },
      {
        "d": 7,
        "t": 20142.8571428571
      },
      {
        "d": 5,
        "t": 20357.1428571429
      },
      {
        "d": 6,
        "l": 375,
        "t": 20571.4285714286
      },
      {
        "d": 3,
        "t": 20785.7142857143
      },
      {
        "d": 2,
        "t": 21000
      },
      {
        "d": 1,
        "t": 21107.1428571429
      },
      {
        "d": 0,
        "t": 21214.2857142857
      },
      {
        "d": 1,
        "t": 21428.5714285714
      },
      {
        "d": 2,
        "t": 21642.8571428571
      },
      {
        "d": 3,
        "t": 21750
      },
      {
        "d": 2,
        "t": 21857.1428571429
      },
      {
        "d": 1,
        "t": 22071.4285714286
      },
      {
        "d": 0,
        "l": 107.142857142857,
        "t": 20607.1428571429
      },
      {
        "d": 0,
        "t": 22285.7142857143
      },
      {
        "d": 1,
        "t": 22500
      },
      {
        "d": 1,
        "t": 22714.2857142857
      },
      {
        "d": 0,
        "t": 22821.4285714286
      },
      {
        "d": 0,
        "t": 22928.5714285714
      },
      {
        "d": 1,
        "t": 23142.8571428571
      },
      {
        "d": 1,
        "t": 23357.1428571429
      },
      {
        "d": 2,
        "t": 23464.2857142857
      },
      {
        "d": 3,
        "t": 23571.4285714286
      },
      {
        "d": 1,
        "t": 23785.7142857143
      },
      {
        "d": 5,
        "t": 23785.7142857143
      },
      {
        "d": 6,
        "l": 107.142857142857,
        "t": 23607.1428571429
      },
      {
        "d": 5,
        "t": 25500
      },
      {
        "d": 4,
        "t": 25607.1428571429
      },
      {
        "d": 7,
        "l": 321.428571428571,
        "t": 24000
      },
      {
        "d": 4,
        "l": 321.428571428571,
        "t": 24428.5714285714
      },
      {
        "d": 6,
        "l": 535.714285714286,
        "t": 24857.1428571429
      },
      {
        "d": 2,
        "l": 375,
        "t": 24000
      },
      {
        "d": 7,
        "t": 25714.2857142857
      },
      {
        "d": 4,
        "t": 25928.5714285714
      },
      {
        "d": 5,
        "t": 26142.8571428571
      },
      {
        "d": 5,
        "t": 26357.1428571429
      },
      {
        "d": 6,
        "t": 26571.4285714286
      },
      {
        "d": 6,
        "t": 26785.7142857143
      },
      {
        "d": 6,
        "t": 27000
      },
      {
        "d": 7,
        "t": 27214.2857142857
      },
      {
        "d": 1,
        "t": 27214.2857142857
      },
      {
        "d": 2,
        "l": 107.142857142857,
        "t": 27035.7142857143
      },
      {
        "d": 1,
        "t": 28928.5714285714
      },
      {
        "d": 0,
        "t": 29035.7142857143
      },
      {
        "d": 0,
        "l": 321.428571428571,
        "t": 27857.1428571429
      },
      {
        "d": 2,
        "l": 321.428571428571,
        "t": 28285.7142857143
      },
      {
        "d": 3,
        "l": 321.428571428571,
        "t": 27428.5714285714
      },
      {
        "d": 3,
        "t": 29142.8571428571
      },
      {
        "d": 0,
        "t": 29357.1428571429
      },
      {
        "d": 1,
        "t": 29571.4285714286
      },
      {
        "d": 1,
        "t": 29785.7142857143
      },
      {
        "d": 2,
        "t": 30000
      },
      {
        "d": 2,
        "t": 30214.2857142857
      },
      {
        "d": 3,
        "t": 30642.8571428571
      },
      {
        "d": 3,
        "t": 30428.5714285714
      },
      {
        "d": 5,
        "t": 30964.2857142857
      },
      {
        "d": 6,
        "t": 31071.4285714286
      },
      {
        "d": 5,
        "t": 31178.5714285714
      },
      {
        "d": 7,
        "t": 31285.7142857143
      },
      {
        "d": 4,
        "t": 31392.8571428571
      },
      {
        "d": 7,
        "t": 31500
      },
      {
        "d": 4,
        "t": 31607.1428571429
      },
      {
        "d": 5,
        "t": 31714.2857142857
      },
      {
        "d": 4,
        "t": 31821.4285714286
      },
      {
        "d": 5,
        "t": 31928.5714285714
      },
      {
        "d": 4,
        "t": 32035.7142857143
      },
      {
        "d": 6,
        "t": 32142.8571428571
      },
      {
        "d": 7,
        "t": 32250
      },
      {
        "d": 6,
        "t": 32357.1428571429
      },
      {
        "d": 7,
        "t": 32464.2857142857
      },
      {
        "d": 6,
        "t": 30892.8571428571
      },
      {
        "d": 6,
        "t": 32571.4285714286
      },
      {
        "d": 5,
        "t": 32678.5714285714
      },
      {
        "d": 4,
        "t": 32785.7142857143
      },
      {
        "d": 5,
        "t": 32892.8571428571
      },
      {
        "d": 7,
        "t": 33000
      },
      {
        "d": 5,
        "t": 33107.1428571428
      },
      {
        "d": 4,
        "t": 33214.2857142857
      },
      {
        "d": 5,
        "t": 33321.4285714286
      },
      {
        "d": 6,
        "t": 33428.5714285714
      },
      {
        "d": 5,
        "t": 33535.7142857143
      },
      {
        "d": 4,
        "t": 33642.8571428571
      },
      {
        "d": 5,
        "t": 33750
      },
      {
        "d": 7,
        "t": 33857.1428571428
      },
      {
        "d": 5,
        "t": 33964.2857142857
      },
      {
        "d": 6,
        "t": 34071.4285714286
      },
      {
        "d": 5,
        "t": 34178.5714285714
      },
      {
        "d": 5,
        "t": 34285.7142857143
      },
      {
        "d": 7,
        "t": 34500
      },
      {
        "d": 4,
        "t": 34607.1428571429
      },
      {
        "d": 7,
        "t": 34714.2857142857
      },
      {
        "d": 4,
        "t": 34928.5714285714
      },
      {
        "d": 7,
        "t": 35142.8571428571
      },
      {
        "d": 7,
        "t": 35357.1428571429
      },
      {
        "d": 6,
        "t": 35464.2857142857
      },
      {
        "d": 5,
        "t": 35571.4285714286
      },
      {
        "d": 4,
        "t": 35785.7142857143
      },
      {
        "d": 5,
        "t": 36000
      },
      {
        "d": 7,
        "t": 36214.2857142857
      },
      {
        "d": 4,
        "t": 36321.4285714286
      },
      {
        "d": 7,
        "t": 36428.5714285714
      },
      {
        "d": 4,
        "t": 36642.8571428571
      },
      {
        "d": 7,
        "t": 36857.1428571429
      },
      {
        "d": 7,
        "t": 37071.4285714286
      },
      {
        "d": 6,
        "t": 37178.5714285714
      },
      {
        "d": 7,
        "t": 37285.7142857143
      },
      {
        "d": 6,
        "t": 37500
      },
      {
        "d": 5,
        "t": 37714.2857142857
      },
      {
        "d": 3,
        "t": 37928.5714285714
      },
      {
        "d": 0,
        "t": 38035.7142857143
      },
      {
        "d": 3,
        "t": 38142.8571428571
      },
      {
        "d": 0,
        "t": 38357.1428571429
      },
      {
        "d": 3,
        "t": 38571.4285714286
      },
      {
        "d": 3,
        "t": 38785.7142857143
      },
      {
        "d": 2,
        "t": 38892.8571428571
      },
      {
        "d": 1,
        "t": 39000
      },
      {
        "d": 0,
        "t": 39214.2857142857
      },
      {
        "d": 1,
        "l": 107.142857142857,
        "t": 37750
      },
      {
        "d": 1,
        "t": 39428.5714285714
      },
      {
        "d": 3,
        "t": 39642.8571428572
      },
      {
        "d": 0,
        "t": 39750
      },
      {
        "d": 3,
        "t": 39857.1428571429
      },
      {
        "d": 0,
        "t": 40071.4285714286
      },
      {
        "d": 3,
        "t": 40285.7142857143
      },
      {
        "d": 3,
        "t": 40500
      },
      {
        "d": 2,
        "t": 40607.1428571429
      },
      {
        "d": 3,
        "t": 40714.2857142857
      },
      {
        "d": 2,
        "t": 40928.5714285714
      },
      {
        "d": 5,
        "t": 41571.4285714286
      },
      {
        "d": 4,
        "t": 42000
      },
      {
        "d": 4,
        "t": 42214.2857142857
      },
      {
        "d": 6,
        "t": 42321.4285714286
      },
      {
        "d": 4,
        "t": 42642.8571428571
      },
      {
        "d": 5,
        "t": 42428.5714285714
      },
      {
        "d": 2,
        "t": 41142.8571428572
      },
      {
        "d": 6,
        "l": 321.428571428571,
        "t": 41178.5714285714
      },
      {
        "d": 5,
        "t": 42857.1428571429
      },
      {
        "d": 5,
        "t": 43071.4285714286
      },
      {
        "d": 6,
        "t": 43178.5714285714
      },
      {
        "d": 5,
        "t": 43285.7142857143
      },
      {
        "d": 4,
        "t": 43392.8571428571
      },
      {
        "d": 5,
        "t": 43500
      },
      {
        "d": 6,
        "t": 43607.1428571429
      },
      {
        "d": 5,
        "t": 43714.2857142857
      },
      {
        "d": 6,
        "t": 43928.5714285714
      },
      {
        "d": 5,
        "t": 44142.8571428571
      },
      {
        "d": 4,
        "t": 44357.1428571429
      },
      {
        "d": 1,
        "t": 45000
      },
      {
        "d": 0,
        "t": 45428.5714285714
      },
      {
        "d": 0,
        "t": 45642.8571428571
      },
      {
        "d": 2,
        "t": 45750
      },
      {
        "d": 0,
        "t": 46071.4285714286
      },
      {
        "d": 1,
        "t": 45857.1428571429
      },
      {
        "d": 5,
        "t": 44571.4285714286
      },
      {
        "d": 2,
        "l": 321.428571428571,
        "t": 44607.1428571429
      },
      {
        "d": 1,
        "t": 46285.7142857143
      },
      {
        "d": 1,
        "t": 46500
      },
      {
        "d": 2,
        "t": 46607.1428571429
      },
      {
        "d": 1,
        "t": 46714.2857142857
      },
      {
        "d": 0,
        "t": 46821.4285714286
      },
      {
        "d": 1,
        "t": 46928.5714285714
      },
      {
        "d": 2,
        "t": 47035.7142857143
      },
      {
        "d": 1,
        "t": 47142.8571428571
      },
      {
        "d": 2,
        "t": 47357.1428571429
      },
      {
        "d": 1,
        "t": 47571.4285714286
      },
      {
        "d": 0,
        "t": 47785.7142857143
      },
      {
        "d": 5,
        "t": 48214.2857142857
      },
      {
        "d": 4,
        "t": 48428.5714285714
      },
      {
        "d": 5,
        "t": 48642.8571428572
      },
      {
        "d": 7,
        "t": 48857.1428571429
      },
      {
        "d": 5,
        "t": 49071.4285714286
      },
      {
        "d": 4,
        "t": 49285.7142857143
      },
      {
        "d": 5,
        "t": 49500
      },
      {
        "d": 2,
        "l": 214.285714285714,
        "t": 48000
      },
      {
        "d": 7,
        "l": 107.142857142857,
        "t": 48035.7142857143
      },
      {
        "d": 7,
        "t": 49714.2857142857
      },
      {
        "d": 5,
        "t": 49928.5714285715
      },
      {
        "d": 4,
        "t": 50142.8571428572
      },
      {
        "d": 5,
        "t": 50357.1428571429
      },
      {
        "d": 7,
        "t": 50571.4285714286
      },
      {
        "d": 5,
        "t": 50785.7142857143
      },
      {
        "d": 6,
        "t": 51000
      },
      {
        "d": 5,
        "t": 51214.2857142857
      },
      {
        "d": 7,
        "t": 51428.5714285714
      },
      {
        "d": 5,
        "t": 51642.8571428572
      },
      {
        "d": 4,
        "t": 51857.1428571429
      },
      {
        "d": 5,
        "t": 52071.4285714286
      },
      {
        "d": 7,
        "t": 52285.7142857143
      },
      {
        "d": 5,
        "t": 52500
      },
      {
        "d": 4,
        "t": 52714.2857142857
      },
      {
        "d": 5,
        "t": 51750
      },
      {
        "d": 5,
        "t": 52607.1428571429
      },
      {
        "d": 5,
        "t": 52928.5714285715
      },
      {
        "d": 7,
        "t": 53142.8571428572
      },
      {
        "d": 5,
        "t": 53357.1428571429
      },
      {
        "d": 4,
        "t": 53571.4285714286
      },
      {
        "d": 5,
        "t": 53785.7142857143
      },
      {
        "d": 7,
        "t": 54000
      },
      {
        "d": 5,
        "t": 54214.2857142857
      },
      {
        "d": 6,
        "t": 54428.5714285714
      },
      {
        "d": 5,
        "t": 54642.8571428572
      },
      {
        "d": 5,
        "t": 53464.2857142857
      },
      {
        "d": 5,
        "t": 54321.4285714286
      },
      {
        "d": 1,
        "t": 55071.4285714286
      },
      {
        "d": 0,
        "t": 55285.7142857143
      },
      {
        "d": 1,
        "t": 55500
      },
      {
        "d": 1,
        "t": 55928.5714285714
      },
      {
        "d": 0,
        "t": 56142.8571428572
      },
      {
        "d": 1,
        "t": 56357.1428571429
      },
      {
        "d": 3,
        "t": 55714.2857142857
      },
      {
        "d": 3,
        "l": 107.142857142857,
        "t": 54892.8571428572
      },
      {
        "d": 3,
        "t": 56571.4285714286
      },
      {
        "d": 1,
        "t": 56785.7142857143
      },
      {
        "d": 0,
        "t": 57000
      },
      {
        "d": 1,
        "t": 57214.2857142857
      },
      {
        "d": 3,
        "t": 57428.5714285714
      },
      {
        "d": 1,
        "t": 57642.8571428572
      },
      {
        "d": 2,
        "t": 57857.1428571429
      },
      {
        "d": 1,
        "t": 58071.4285714286
      },
      {
        "d": 3,
        "t": 58285.7142857143
      },
      {
        "d": 1,
        "t": 58500
      },
      {
        "d": 0,
        "t": 58714.2857142857
      },
      {
        "d": 1,
        "t": 58928.5714285714
      },
      {
        "d": 1,
        "t": 59357.1428571429
      },
      {
        "d": 0,
        "t": 59571.4285714286
      },
      {
        "d": 3,
        "t": 59785.7142857143
      },
      {
        "d": 1,
        "t": 58607.1428571429
      },
      {
        "d": 1,
        "t": 59464.2857142857
      },
      {
        "d": 3,
        "t": 59142.8571428572
      },
      {
        "d": 3,
        "t": 60000
      },
      {
        "d": 1,
        "t": 60214.2857142857
      },
      {
        "d": 0,
        "t": 60428.5714285714
      },
      {
        "d": 1,
        "t": 60642.8571428572
      },
      {
        "d": 3,
        "t": 60857.1428571429
      },
      {
        "d": 1,
        "t": 61071.4285714286
      },
      {
        "d": 1,
        "t": 61500
      },
      {
        "d": 1,
        "t": 60321.4285714286
      },
      {
        "d": 1,
        "t": 61178.5714285715
      },
      {
        "d": 2,
        "t": 61285.7142857143
      },
      {
        "d": 6,
        "t": 62142.8571428572
      },
      {
        "d": 6,
        "t": 62571.4285714286
      },
      {
        "d": 6,
        "t": 63000
      },
      {
        "d": 6,
        "t": 61750
      },
      {
        "d": 4,
        "t": 63428.5714285715
      },
      {
        "d": 5,
        "t": 63535.7142857143
      },
      {
        "d": 6,
        "t": 63642.8571428572
      },
      {
        "d": 7,
        "t": 63750.0000000001
      },
      {
        "d": 6,
        "t": 63857.1428571429
      },
      {
        "d": 5,
        "t": 63964.2857142858
      },
      {
        "d": 4,
        "t": 64071.4285714286
      },
      {
        "d": 5,
        "t": 64178.5714285715
      },
      {
        "d": 6,
        "t": 64285.7142857143
      },
      {
        "d": 5,
        "t": 64392.8571428572
      },
      {
        "d": 4,
        "t": 64500.0000000001
      },
      {
        "d": 5,
        "t": 64607.1428571429
      },
      {
        "d": 6,
        "t": 64714.2857142858
      },
      {
        "d": 5,
        "t": 64821.4285714286
      },
      {
        "d": 6,
        "t": 64928.5714285715
      },
      {
        "d": 7,
        "t": 65035.7142857143
      },
      {
        "d": 5,
        "t": 65142.8571428572
      },
      {
        "d": 2,
        "t": 65571.4285714286
      },
      {
        "d": 2,
        "t": 66000
      },
      {
        "d": 2,
        "t": 66428.5714285715
      },
      {
        "d": 2,
        "l": 214.285714285714,
        "t": 65178.5714285715
      },
      {
        "d": 0,
        "t": 66857.1428571429
      },
      {
        "d": 1,
        "t": 66964.2857142858
      },
      {
        "d": 2,
        "t": 67071.4285714286
      },
      {
        "d": 3,
        "t": 67178.5714285715
      },
      {
        "d": 2,
        "t": 67285.7142857143
      },
      {
        "d": 1,
        "t": 67392.8571428572
      },
      {
        "d": 0,
        "t": 67500.0000000001
      },
      {
        "d": 1,
        "t": 67607.1428571429
      },
      {
        "d": 2,
        "t": 67714.2857142858
      },
      {
        "d": 1,
        "t": 67821.4285714286
      },
      {
        "d": 0,
        "t": 67928.5714285715
      },
      {
        "d": 1,
        "t": 68035.7142857143
      },
      {
        "d": 2,
        "t": 68142.8571428572
      },
      {
        "d": 1,
        "t": 68250.0000000001
      },
      {
        "d": 2,
        "t": 68357.1428571429
      },
      {
        "d": 3,
        "t": 68464.2857142858
      },
      {
        "d": 1,
        "t": 68571
      },
      {
        "d": 7,
        "t": 68785.7142857143
      },
      {
        "d": 7,
        "t": 69000.0000000001
      },
      {
        "d": 5,
        "t": 69214.2857142858
      },
      {
        "d": 4,
        "t": 69321.4285714286
      },
      {
        "d": 6,
        "t": 69428.5714285715
      },
      {
        "d": 7,
        "t": 69642.8571428572
      },
      {
        "d": 4,
        "t": 69750.0000000001
      },
      {
        "d": 5,
        "t": 70071.4285714286
      },
      {
        "d": 4,
        "l": 107.142857142857,
        "t": 68607.1428571429
      },
      {
        "d": 6,
        "t": 70285.7142857143
      },
      {
        "d": 5,
        "t": 70500
      },
      {
        "d": 6,
        "t": 70714.2857142858
      },
      {
        "d": 7,
        "t": 70928.5714285715
      },
      {
        "d": 7,
        "t": 71142.8571428572
      },
      {
        "d": 6,
        "t": 71357.1428571429
      },
      {
        "d": 4,
        "t": 71785.7142857143
      },
      {
        "d": 5,
        "t": 71464.2857142858
      },
      {
        "d": 3,
        "t": 72214.2857142858
      },
      {
        "d": 3,
        "t": 72428.5714285715
      },
      {
        "d": 1,
        "t": 72642.8571428572
      },
      {
        "d": 0,
        "t": 72750.0000000001
      },
      {
        "d": 2,
        "t": 72857.1428571429
      },
      {
        "d": 3,
        "t": 73071.4285714286
      },
      {
        "d": 0,
        "t": 73178.5714285715
      },
      {
        "d": 1,
        "t": 73500.0000000001
      },
      {
        "d": 4,
        "t": 72000
      },
      {
        "d": 0,
        "l": 107.142857142857,
        "t": 72035.7142857143
      },
      {
        "d": 2,
        "t": 73714.2857142858
      },
      {
        "d": 1,
        "t": 73928.5714285715
      },
      {
        "d": 2,
        "t": 74142.8571428572
      },
      {
        "d": 3,
        "t": 74357.1428571429
      },
      {
        "d": 3,
        "t": 74571.4285714286
      },
      {
        "d": 1,
        "t": 74785.7142857143
      },
      {
        "d": 2,
        "t": 74892.8571428572
      },
      {
        "d": 1,
        "t": 75214.2857142858
      },
      {
        "d": 5,
        "t": 75642.8571428571
      },
      {
        "d": 4,
        "t": 75857.1428571428
      },
      {
        "d": 5,
        "t": 76071.4285714286
      },
      {
        "d": 7,
        "t": 76285.7142857143
      },
      {
        "d": 5,
        "t": 76500
      },
      {
        "d": 4,
        "t": 76714.2857142857
      },
      {
        "d": 5,
        "t": 76928.5714285714
      },
      {
        "d": 0,
        "t": 75428.5714285715
      },
      {
        "d": 7,
        "l": 107.142857142857,
        "t": 75464.2857142858
      },
      {
        "d": 7,
        "t": 77142.8571428571
      },
      {
        "d": 5,
        "t": 77357.1428571429
      },
      {
        "d": 4,
        "t": 77571.4285714286
      },
      {
        "d": 5,
        "t": 77785.7142857143
      },
      {
        "d": 7,
        "t": 78000
      },
      {
        "d": 5,
        "t": 78214.2857142857
      },
      {
        "d": 6,
        "t": 78428.5714285714
      },
      {
        "d": 5,
        "t": 78642.8571428571
      },
      {
        "d": 1,
        "t": 79071.4285714286
      },
      {
        "d": 0,
        "t": 79285.7142857143
      },
      {
        "d": 1,
        "t": 79500
      },
      {
        "d": 1,
        "t": 79928.5714285714
      },
      {
        "d": 0,
        "t": 80142.8571428572
      },
      {
        "d": 1,
        "t": 80357.1428571429
      },
      {
        "d": 3,
        "t": 79714.2857142857
      },
      {
        "d": 4,
        "l": 321.428571428571,
        "t": 78857.1428571429
      },
      {
        "d": 3,
        "l": 107.142857142857,
        "t": 78892.8571428572
      },
      {
        "d": 3,
        "t": 80571.4285714286
      },
      {
        "d": 1,
        "t": 80785.7142857143
      },
      {
        "d": 0,
        "t": 81000
      },
      {
        "d": 1,
        "t": 81214.2857142857
      },
      {
        "d": 3,
        "t": 81428.5714285714
      },
      {
        "d": 1,
        "t": 81642.8571428572
      },
      {
        "d": 2,
        "t": 81857.1428571429
      },
      {
        "d": 1,
        "t": 82071.4285714286
      },
      {
        "d": 1,
        "t": 82714.2857142857
      },
      {
        "d": 1,
        "t": 83035.7142857143
      },
      {
        "d": 2,
        "l": 214.285714285714,
        "t": 83142.8571428572
      },
      {
        "d": 1,
        "l": 267.857142857143,
        "t": 83571.4285714286
      },
      {
        "d": 6,
        "t": 82714.2857142857
      },
      {
        "d": 7,
        "t": 83142.8571428572
      },
      {
        "d": 4,
        "t": 83571.4285714286
      },
      {
        "d": 5,
        "l": 267.857142857143,
        "t": 82321.4285714286
      },
      {
        "d": 3,
        "l": 267.857142857143,
        "t": 82321.4285714286
      },
      {
        "d": 5,
        "t": 84000
      },
      {
        "d": 7,
        "t": 84214
      },
      {
        "d": 4,
        "t": 84321
      },
      {
        "d": 7,
        "t": 84428
      },
      {
        "d": 4,
        "t": 84642
      },
      {
        "d": 7,
        "t": 84857
      },
      {
        "d": 7,
        "t": 85071
      },
      {
        "d": 6,
        "t": 85178
      },
      {
        "d": 5,
        "t": 85285
      },
      {
        "d": 4,
        "t": 85500
      },
      {
        "d": 2,
        "l": 214.285714285714,
        "t": 84000
      },
      {
        "d": 1,
        "l": 214.285714285714,
        "t": 84428.5714285714
      },
      {
        "d": 0,
        "l": 214.285714285714,
        "t": 84857.1428571429
      },
      {
        "d": 2,
        "l": 267.857142857143,
        "t": 85285.7142857143
      },
      {
        "d": 5,
        "t": 85714
      },
      {
        "d": 7,
        "t": 85928
      },
      {
        "d": 4,
        "t": 86035
      },
      {
        "d": 7,
        "t": 86142
      },
      {
        "d": 4,
        "t": 86357
      },
      {
        "d": 7,
        "t": 86571
      },
      {
        "d": 7,
        "t": 86785
      },
      {
        "d": 6,
        "t": 86892
      },
      {
        "d": 7,
        "t": 87000
      },
      {
        "d": 6,
        "t": 87214
      },
      {
        "d": 0,
        "l": 642.857142857143,
        "t": 85714.2857142857
      },
      {
        "d": 1,
        "l": 642.857142857143,
        "t": 86571.4285714286
      },
      {
        "d": 1,
        "t": 87428.5714285714
      },
      {
        "d": 3,
        "t": 87642.8571428571
      },
      {
        "d": 0,
        "t": 87750
      },
      {
        "d": 3,
        "t": 87857.1428571428
      },
      {
        "d": 0,
        "t": 88071.4285714286
      },
      {
        "d": 3,
        "t": 88285.7142857143
      },
      {
        "d": 3,
        "t": 88500
      },
      {
        "d": 2,
        "t": 88607.1428571428
      },
      {
        "d": 1,
        "t": 88714.2857142857
      },
      {
        "d": 0,
        "t": 88928.5714285714
      },
      {
        "d": 5,
        "t": 87428.5714285714
      },
      {
        "d": 1,
        "t": 89142.8571428571
      },
      {
        "d": 3,
        "t": 89357.1428571428
      },
      {
        "d": 0,
        "t": 89464.2857142857
      },
      {
        "d": 3,
        "t": 89571.4285714286
      },
      {
        "d": 0,
        "t": 89785.7142857143
      },
      {
        "d": 3,
        "t": 90000
      },
      {
        "d": 3,
        "t": 90214.2857142857
      },
      {
        "d": 2,
        "t": 90321.4285714286
      },
      {
        "d": 3,
        "t": 90428.5714285714
      },
      {
        "d": 2,
        "t": 90642.8571428571
      },
      {
        "d": 2,
        "t": 90857.1428571428
      },
      {
        "d": 5,
        "t": 91285.7142857143
      },
      {
        "d": 4,
        "t": 91714.2857142857
      },
      {
        "d": 4,
        "t": 91928.5714285714
      },
      {
        "d": 6,
        "t": 92035.7142857143
      },
      {
        "d": 4,
        "t": 92357.1428571428
      },
      {
        "d": 5,
        "t": 92142.8571428571
      },
      {
        "d": 6,
        "l": 214.285714285714,
        "t": 90892.8571428571
      },
      {
        "d": 5,
        "t": 92571.4285714286
      },
      {
        "d": 5,
        "t": 92785.7142857143
      },
      {
        "d": 6,
        "t": 92892.8571428571
      },
      {
        "d": 5,
        "t": 93000
      },
      {
        "d": 4,
        "t": 93107.1428571428
      },
      {
        "d": 5,
        "t": 93214.2857142857
      },
      {
        "d": 6,
        "t": 93321.4285714286
      },
      {
        "d": 5,
        "t": 93428.5714285714
      },
      {
        "d": 6,
        "t": 93642.8571428571
      },
      {
        "d": 5,
        "t": 93857.1428571428
      },
      {
        "d": 4,
        "t": 94071.4285714286
      },
      {
        "d": 1,
        "t": 94714.2857142857
      },
      {
        "d": 0,
        "t": 95142.8571428571
      },
      {
        "d": 0,
        "t": 95357.1428571428
      },
      {
        "d": 2,
        "t": 95464.2857142857
      },
      {
        "d": 0,
        "t": 95785.7142857143
      },
      {
        "d": 1,
        "t": 95571.4285714286
      },
      {
        "d": 5,
        "t": 94285.7142857143
      },
      {
        "d": 2,
        "l": 214.285714285714,
        "t": 94321.4285714286
      },
      {
        "d": 1,
        "t": 96000
      },
      {
        "d": 1,
        "t": 96214.2857142857
      },
      {
        "d": 2,
        "t": 96321.4285714286
      },
      {
        "d": 1,
        "t": 96428.5714285714
      },
      {
        "d": 0,
        "t": 96535.7142857143
      },
      {
        "d": 1,
        "t": 96642.8571428571
      },
      {
        "d": 2,
        "t": 96750
      },
      {
        "d": 1,
        "t": 96857.1428571428
      },
      {
        "d": 2,
        "t": 97071.4285714286
      },
      {
        "d": 1,
        "t": 97285.7142857143
      },
      {
        "d": 0,
        "t": 97500
      },
      {
        "d": 2,
        "t": 97714.2857142857
      },
      {
        "d": 5,
        "t": 97928.5714285714
      },
      {
        "d": 4,
        "t": 98142.8571428571
      },
      {
        "d": 5,
        "t": 98357.1428571429
      },
      {
        "d": 7,
        "t": 98571.4285714286
      },
      {
        "d": 5,
        "t": 98785.7142857143
      },
      {
        "d": 4,
        "t": 99000
      },
      {
        "d": 5,
        "t": 99214.2857142857
      },
      {
        "d": 7,
        "l": 107.142857142857,
        "t": 97750
      },
      {
        "d": 7,
        "t": 99428.5714285714
      },
      {
        "d": 5,
        "t": 99642.8571428572
      },
      {
        "d": 4,
        "t": 99857.1428571429
      },
      {
        "d": 5,
        "t": 100071.428571429
      },
      {
        "d": 7,
        "t": 100285.714285714
      },
      {
        "d": 5,
        "t": 100500
      },
      {
        "d": 6,
        "t": 100714.285714286
      },
      {
        "d": 5,
        "t": 100928.571428571
      },
      {
        "d": 7,
        "t": 101142.857142857
      },
      {
        "d": 5,
        "t": 101357.142857143
      },
      {
        "d": 4,
        "t": 101571.428571429
      },
      {
        "d": 5,
        "t": 101785.714285714
      },
      {
        "d": 7,
        "t": 102000
      },
      {
        "d": 5,
        "t": 102214.285714286
      },
      {
        "d": 4,
        "t": 102428.571428571
      },
      {
        "d": 5,
        "t": 101464.285714286
      },
      {
        "d": 5,
        "t": 102321.428571429
      },
      {
        "d": 5,
        "t": 102642.857142857
      },
      {
        "d": 7,
        "t": 102857.142857143
      },
      {
        "d": 5,
        "t": 103071.428571429
      },
      {
        "d": 4,
        "t": 103285.714285714
      },
      {
        "d": 5,
        "t": 103500
      },
      {
        "d": 7,
        "t": 103714.285714286
      },
      {
        "d": 5,
        "t": 103928.571428571
      },
      {
        "d": 6,
        "t": 104142.857142857
      },
      {
        "d": 5,
        "t": 104357.142857143
      },
      {
        "d": 5,
        "t": 103178.571428571
      },
      {
        "d": 5,
        "t": 104035.714285714
      },
      {
        "d": 1,
        "t": 104785.714285714
      },
      {
        "d": 0,
        "t": 105000
      },
      {
        "d": 1,
        "t": 105214.285714286
      },
      {
        "d": 3,
        "t": 105428.571428571
      },
      {
        "d": 1,
        "t": 105642.857142857
      },
      {
        "d": 0,
        "t": 105857.142857143
      },
      {
        "d": 1,
        "t": 106071.428571429
      },
      {
        "d": 5,
        "l": 1553.57142857143,
        "t": 104571.428571429
      },
      {
        "d": 3,
        "l": 107.142857142857,
        "t": 104607.142857143
      },
      {
        "d": 3,
        "t": 106285.714285714
      },
      {
        "d": 1,
        "t": 106500
      },
      {
        "d": 0,
        "t": 106714.285714286
      },
      {
        "d": 1,
        "t": 106928.571428571
      },
      {
        "d": 3,
        "t": 107142.857142857
      },
      {
        "d": 1,
        "t": 107357.142857143
      },
      {
        "d": 2,
        "t": 107571.428571429
      },
      {
        "d": 1,
        "t": 107785.714285714
      },
      {
        "d": 6,
        "l": 1500,
        "t": 106285.714285714
      },
      {
        "d": 3,
        "t": 108000
      },
      {
        "d": 1,
        "t": 108214.285714286
      },
      {
        "d": 0,
        "t": 108428.571428571
      },
      {
        "d": 1,
        "t": 108642.857142857
      },
      {
        "d": 3,
        "t": 108857.142857143
      },
      {
        "d": 1,
        "t": 109071.428571429
      },
      {
        "d": 0,
        "t": 109285.714285714
      },
      {
        "d": 1,
        "t": 109500
      },
      {
        "d": 1,
        "t": 108321.428571429
      },
      {
        "d": 1,
        "t": 109178.571428571
      },
      {
        "d": 7,
        "l": 1500,
        "t": 108000
      },
      {
        "d": 3,
        "t": 109714.285714286
      },
      {
        "d": 1,
        "t": 109928.571428571
      },
      {
        "d": 0,
        "t": 110142.857142857
      },
      {
        "d": 1,
        "t": 110357.142857143
      },
      {
        "d": 3,
        "t": 110571.428571429
      },
      {
        "d": 1,
        "t": 110785.714285714
      },
      {
        "d": 2,
        "t": 111000
      },
      {
        "d": 1,
        "t": 111214.285714286
      },
      {
        "d": 1,
        "t": 110035.714285714
      },
      {
        "d": 1,
        "t": 110892.857142857
      },
      {
        "d": 6,
        "l": 535.714285714286,
        "t": 109714.285714286
      },
      {
        "d": 4,
        "l": 267.857142857143,
        "t": 110571.428571429
      },
      {
        "d": 5,
        "l": 267.857142857143,
        "t": 111000
      },
      {
        "d": 6,
        "t": 111857.142857143
      },
      {
        "d": 6,
        "t": 112285.714285714
      },
      {
        "d": 6,
        "t": 112714.285714286
      },
      {
        "d": 6,
        "l": 107.142857142857,
        "t": 111464.285714286
      },
      {
        "d": 4,
        "t": 113142.857142857
      },
      {
        "d": 5,
        "t": 113250
      },
      {
        "d": 6,
        "t": 113357.142857143
      },
      {
        "d": 7,
        "t": 113464.285714286
      },
      {
        "d": 6,
        "t": 113571.428571429
      },
      {
        "d": 5,
        "t": 113678.571428572
      },
      {
        "d": 4,
        "t": 113785.714285714
      },
      {
        "d": 5,
        "t": 113892.857142857
      },
      {
        "d": 6,
        "t": 114000
      },
      {
        "d": 5,
        "t": 114107.142857143
      },
      {
        "d": 4,
        "t": 114214.285714286
      },
      {
        "d": 5,
        "t": 114321.428571429
      },
      {
        "d": 6,
        "t": 114428.571428572
      },
      {
        "d": 5,
        "t": 114535.714285714
      },
      {
        "d": 6,
        "t": 114642.857142857
      },
      {
        "d": 7,
        "t": 114750
      },
      {
        "d": 5,
        "t": 114857.142857143
      },
      {
        "d": 2,
        "t": 115285.714285714
      },
      {
        "d": 2,
        "t": 115714.285714286
      },
      {
        "d": 2,
        "t": 116142.857142857
      },
      {
        "d": 2,
        "l": 107.142857142857,
        "t": 114892.857142857
      },
      {
        "d": 0,
        "t": 116571.428571429
      },
      {
        "d": 1,
        "t": 116678.571428572
      },
      {
        "d": 2,
        "t": 116785.714285714
      },
      {
        "d": 3,
        "t": 116892.857142857
      },
      {
        "d": 2,
        "t": 117000
      },
      {
        "d": 1,
        "t": 117107.142857143
      },
      {
        "d": 0,
        "t": 117214.285714286
      },
      {
        "d": 2,
        "t": 117428.571428571
      },
      {
        "d": 1,
        "t": 117535.714285714
      },
      {
        "d": 0,
        "t": 117642.857142857
      },
      {
        "d": 1,
        "t": 117750
      },
      {
        "d": 2,
        "t": 117857.142857143
      },
      {
        "d": 1,
        "t": 117964.285714286
      },
      {
        "d": 2,
        "t": 118071.428571429
      },
      {
        "d": 3,
        "t": 118178.571428571
      },
      {
        "d": 1,
        "t": 117321.428571429
      },
      {
        "d": 2,
        "t": 118285.714285714
      }
    ]
  },
  "generatedBy": "FNF Porter (by Gusborg, tposejank, BombasticTom & VocalFan)"
}