{
    "props": [
        {
            "danceEvery": 0,
            "zIndex": -3,
            "position": [
                -750.0,
                -1040.0
            ],
            "scale": [
                0.8,
                0.8
            ],
            "name": "AnimalBG",
            "isPixel": false,
            "assetPath": "Animal/AnimalBG",
            "scroll": [
                1.0,
                1.0
            ]
        },
        {
            "danceEvery": 2,
            "zIndex": -2,
            "position": [
                0.0,
                -1020.0
            ],
            "scale": [
                1.0,
                1.0
            ],
            "name": "AnimalTree",
            "isPixel": false,
            "assetPath": "Animal/AnimalTree",
            "scroll": [
                1.0,
                1.0
            ]
        },
        {
            "danceEvery": 0,
            "zIndex": -1,
            "position": [
                -680.0,
                -40.0
            ],
            "scale": [
                1.0,
                1.0
            ],
            "name": "AnimalSnow",
            "isPixel": false,
            "assetPath": "Animal/AnimalSnow",
            "scroll": [
                1.0,
                1.0
            ]
        }
    ],
    "cameraZoom": 1.05,
    "version": "1.0.0",
    "characters": {
        "bf": {
            "zIndex": 300,
            "position": [
                960,
                200
            ],
            "cameraOffsets": [
                -100,
                -100
            ]
        },
        "dad": {
            "zIndex": 200,
            "position": [
                100,
                290
            ],
            "cameraOffsets": [
                150,
                -30
            ]
        },
        "gf": {
            "zIndex": 100,
            "cameraOffsets": [
                0,
                50
            ],
            "position": [
                400,
                130
            ]
        }
    },
    "name": "Animal"
}