{
  "version": "1.0.0",
  "name": "Agoti",
  "assetPath": "Animal/characters/AGOTI",
  "startingAnimation": "idle",
  "singTime": 6.1,
  "flipX": false,
  "isPixel": false,
  "healthIcon": {
    "id": "agoti-a"
  },
  "animations": [
    {
      "name": "singLEFT",
      "prefix": "Agoti_Left",
      "frameIndices": [],
      "frameRate": 24,
      "offsets": [
        -39,
        174
      ],
      "looped": false
    },
    {
      "name": "singDOWN",
      "prefix": "Agoti_Down",
      "frameIndices": [],
      "frameRate": 24,
      "offsets": [
        -180,
        -44
      ],
      "looped": false
    },
    {
      "name": "singUP",
      "prefix": "Agoti_Up",
      "frameIndices": [],
      "frameRate": 24,
      "offsets": [
        -162,
        221
      ],
      "looped": false
    },
    {
      "name": "singRIGHT",
      "prefix": "Agoti_Right",
      "frameIndices": [],
      "frameRate": 24,
      "offsets": [
        -130,
        96
      ],
      "looped": false
    },
    {
      "name": "idle",
      "prefix": "Agoti_Idle",
      "frameIndices": [],
      "frameRate": 24,
      "offsets": [
        -225,
        141
      ],
      "looped": false
    }
  ],
  "offsets": [
    -200,
    40
  ],
  "cameraOffsets": [
    0,
    -270
  ],
  "scale": 0.9
}