{
    "version": "1.0.0",
    "name": "Annie Animal",
    "assetPath": "Animal/characters/Annie_Animal",
    "singTime": 4,
    "offsets": [0, 110],
    "isPixel": false,
    "scale": 1,
    "healthIcon": {
        "id": "annieanimal",
        "isPixel": false,
        "flipX": false,
        "scale": 1
    },
    "animations": [
        {
            "name": "idle",
            "prefix": "Annie idle",
            "offsets": [
                1,
                0
            ],
            "frameRate": 24,
            "frameIndices": []
        },
        {
            "name": "singUP",
            "prefix": "Annie up note",
            "offsets": [
                -20,
                50
            ],
            "frameRate": 24,
            "frameIndices": []
        },
        {
            "name": "singLEFT",
            "prefix": "Annie left note",
            "offsets": [
                -30,
                0
            ],
            "frameRate": 24,
            "frameIndices": []
        },
        {
            "name": "singRIGHT",
            "prefix": "Annie Right note",
            "offsets": [
                -51,
                0
            ],
            "frameRate": 24,
            "frameIndices": []
        },
        {
            "name": "singDOWN",
            "prefix": "Annie down",
            "offsets": [
                -40,
                -94
            ],
            "frameRate": 24,
            "frameIndices": []
        },
        {
            "name": "singUP-loop",
            "prefix": "Annie up note",
            "offsets": [
                -20,
                50
            ],
            "frameRate": 24,
            "frameIndices": [
                21,
                22,
                23
            ]
        },
        {
            "name": "singDOWN-loop",
            "prefix": "Annie down",
            "offsets": [
                -40,
                -94
            ],
            "frameRate": 24,
            "frameIndices": [
                27,
                28,
                29
            ]
        },
        {
            "name": "singRIGHT-loop",
            "prefix": "Annie Right note",
            "offsets": [
                -51,
                0
            ],
            "frameRate": 24,
            "frameIndices": [
                12,
                13,
                14
            ]
        },
        {
            "name": "singLEFT-loop",
            "prefix": "Annie left note",
            "offsets": [
                -30,
                0
            ],
            "frameRate": 24,
            "frameIndices": [
                17,
                18,
                19
            ]
        },
        {
            "name": "idle-loop",
            "prefix": "Annie idle",
            "offsets": [
                1,
                0
            ],
            "frameRate": 24,
            "frameIndices": [
                12,
                13,
                14
            ]
        }
    ],
    "flipX": false
}