{
    "version": "1.0.0",
    "name": "Bf Animal",
    "assetPath": "characters/BOYFRIEND",
    "singTime": 4,
    "isPixel": false,
    "scale": 1,
    "healthIcon": {
        "id": "bf",
        "isPixel": false,
        "flipX": false,
        "scale": 1
    },
    "animations": [
        {
            "name": "idle",
            "prefix": "BF idle dance",
            "offsets": [
                -5,
                0
            ],
            "frameRate": 24,
            "frameIndices": []
        },
        {
            "name": "singLEFT",
            "prefix": "BF NOTE LEFT0",
            "offsets": [
                5,
                -6
            ],
            "frameRate": 24,
            "frameIndices": []
        },
        {
            "name": "singDOWN",
            "prefix": "BF NOTE DOWN0",
            "offsets": [
                -20,
                -51
            ],
            "frameRate": 24,
            "frameIndices": []
        },
        {
            "name": "singUP",
            "prefix": "BF NOTE UP0",
            "offsets": [
                -46,
                27
            ],
            "frameRate": 24,
            "frameIndices": []
        },
        {
            "name": "singRIGHT",
            "prefix": "BF NOTE RIGHT0",
            "offsets": [
                -48,
                -7
            ],
            "frameRate": 24,
            "frameIndices": []
        },
        {
            "name": "singLEFTmiss",
            "prefix": "BF NOTE LEFT MISS",
            "offsets": [
                7,
                19
            ],
            "frameRate": 24,
            "frameIndices": []
        },
        {
            "name": "singDOWNmiss",
            "prefix": "BF NOTE DOWN MISS",
            "offsets": [
                -15,
                -19
            ],
            "frameRate": 24,
            "frameIndices": []
        },
        {
            "name": "singUPmiss",
            "prefix": "BF NOTE UP MISS",
            "offsets": [
                -46,
                27
            ],
            "frameRate": 24,
            "frameIndices": []
        },
        {
            "name": "singRIGHTmiss",
            "prefix": "BF NOTE RIGHT MISS",
            "offsets": [
                -44,
                22
            ],
            "frameRate": 24,
            "frameIndices": []
        },
        {
            "name": "hey",
            "prefix": "BF HEY",
            "offsets": [
                -3,
                5
            ],
            "frameRate": 24,
            "frameIndices": []
        },
        {
            "name": "hurt",
            "prefix": "BF hit",
            "offsets": [
                14,
                18
            ],
            "frameRate": 24,
            "frameIndices": []
        },
        {
            "name": "scared",
            "prefix": "BF idle shaking",
            "offsets": [
                -4,
                0
            ],
            "frameRate": 24,
            "frameIndices": []
        },
        {
            "name": "dodge",
            "prefix": "boyfriend dodge",
            "offsets": [
                -10,
                -16
            ],
            "frameRate": 24,
            "frameIndices": []
        },
        {
            "name": "attack",
            "prefix": "boyfriend attack",
            "offsets": [
                294,
                267
            ],
            "frameRate": 24,
            "frameIndices": []
        },
        {
            "name": "pre-attack",
            "prefix": "bf pre attack",
            "offsets": [
                -40,
                -40
            ],
            "frameRate": 24,
            "frameIndices": []
        }
    ],
    "flipX": true
}