{
    "version": "1.0.0",
    "name": "Carol Animal",
    "assetPath": "Animal/characters/carol",
    "singTime": 4,
    "isPixel": false,
    "cameraOffsets": [0,-80],
    "offsets": [-50,-155],
    "scale": 1,
    "healthIcon": {
        "id": "carol",
        "isPixel": false,
        "flipX": false,
        "scale": 1
    },
    "animations": [
        {
            "name": "idle",
            "prefix": "BF idle dance",
            "offsets": [
                0,
                0
            ],
            "frameRate": 24,
            "frameIndices": []
        },
        {
            "name": "singRIGHT",
            "prefix": "BF NOTE LEFT0",
            "offsets": [
                -2,
                0
            ],
            "frameRate": 24,
            "frameIndices": []
        },
        {
            "name": "singDOWN",
            "prefix": "BF NOTE DOWN0",
            "offsets": [
                -3,
                0
            ],
            "frameRate": 24,
            "frameIndices": []
        },
        {
            "name": "singUP",
            "prefix": "BF NOTE UP0",
            "offsets": [
                -3,
                0
            ],
            "frameRate": 24,
            "frameIndices": []
        },
        {
            "name": "singLEFT",
            "prefix": "BF NOTE RIGHT0",
            "offsets": [
                -2,
                0
            ],
            "frameRate": 24,
            "frameIndices": []
        }
    ],
    "flipX": true
}