{
    "version": "1.0.0",
    "name": "Evmiku Animal",
    "assetPath": "Animal/characters/ev_miku_assets",
    "singTime": 6.1,
    "isPixel": false,
    "cameraOffsets": [0,-80],
    "scale": 1,
    "healthIcon": {
        "id": "evmiku",
        "isPixel": false,
        "flipX": false,
        "scale": 1
    },
    "animations": [
        {
            "name": "idle",
            "prefix": "Miku idle dance",
            "offsets": [
                45,
                35
            ],
            "frameRate": 24,
            "frameIndices": []
        },
        {
            "name": "singDOWN",
            "prefix": "Miku Sing Note DOWN",
            "offsets": [
                28,
                -2
            ],
            "frameRate": 24,
            "frameIndices": []
        },
        {
            "name": "singUP",
            "prefix": "Miku Sing Note UP",
            "offsets": [
                58,
                85
            ],
            "frameRate": 24,
            "frameIndices": []
        },
        {
            "name": "singRIGHT",
            "prefix": "Miku Sing Note RIGHT",
            "offsets": [
                25,
                61
            ],
            "frameRate": 24,
            "frameIndices": []
        },
        {
            "name": "singLEFT",
            "prefix": "Miku Sing Note LEFT",
            "offsets": [
                70,
                41
            ],
            "frameRate": 24,
            "frameIndices": []
        }
    ],
    "flipX": false
}