{
    "version": "1.0.0",
    "name": "Frisk Animal",
    "assetPath": "Animal/characters/frisk",
    "singTime": 4,
      "offsets": [-30, -50],
    "cameraOffsets": [0,-150],

    "isPixel": false,
    "scale": 1,
    "healthIcon": {
        "id": "frisk",
        "isPixel": false,
        "flipX": false,
        "scale": 1
    },
    "animations": [
        {
            "name": "idle",
            "prefix": "BF idle dance",
            "offsets": [
                -5,
                0
            ],
            "frameRate": 24,
            "frameIndices": []
        },
        {
            "name": "singRIGHT",
            "prefix": "BF NOTE LEFT0",
            "offsets": [
                -30,
                18
            ],
            "frameRate": 24,
            "frameIndices": []
        },
        {
            "name": "singDOWN",
            "prefix": "BF NOTE DOWN0",
            "offsets": [
                -21,
                20
            ],
            "frameRate": 24,
            "frameIndices": []
        },
        {
            "name": "singUP",
            "prefix": "BF NOTE UP0",
            "offsets": [
                -6,
                30
            ],
            "frameRate": 24,
            "frameIndices": []
        },
        {
            "name": "singLEFT",
            "prefix": "BF NOTE RIGHT0",
            "offsets": [
                35,
                35
            ],
            "frameRate": 24,
            "frameIndices": []
        },
        {
            "name": "singRIGHTmiss",
            "prefix": "BF NOTE LEFT MISS",
            "offsets": [
                -13,
                14
            ],
            "frameRate": 24,
            "frameIndices": []
        },
        {
            "name": "singDOWNmiss",
            "prefix": "BF NOTE DOWN MISS",
            "offsets": [
                -15,
                11
            ],
            "frameRate": 24,
            "frameIndices": []
        },
        {
            "name": "singUPmiss",
            "prefix": "BF NOTE UP MISS",
            "offsets": [
                -16,
                27
            ],
            "frameRate": 24,
            "frameIndices": []
        },
        {
            "name": "singLEFTmiss",
            "prefix": "BF NOTE RIGHT MISS",
            "offsets": [
                30,
                35
            ],
            "frameRate": 24,
            "frameIndices": []
        }
    ],
    "flipX": true
}