{
    "version": "1.0.0",
    "name": "Garcello Animal",
    "assetPath": "Animal/characters/garcello_assets",
    "singTime": 4,
                "offsets": [
                40,
                0
            ],
    "cameraOffsets": [0,-80],
    "isPixel": false,
    "scale": 1,
    "healthIcon": {
        "id": "garcello",
        "isPixel": false,
        "flipX": false,
        "scale": 1
    },
    "animations": [
        {
            "name": "idle",
            "prefix": "garcello idle dance",
            "offsets": [
                0,
                0
            ],
            "frameRate": 24,
            "frameIndices": []
        },
        {
            "name": "singLEFT",
            "prefix": "garcello Sing Note LEFT",
            "offsets": [
                30,
                -8
            ],
            "frameRate": 24,
            "frameIndices": []
        },
        {
            "name": "singRIGHT",
            "prefix": "garcello Sing Note RIGHT",
            "offsets": [
                -18,
                0
            ],
            "frameRate": 24,
            "frameIndices": []
        },
        {
            "name": "singDOWN",
            "prefix": "garcello Sing Note DOWN",
            "offsets": [
                -16,
                -40
            ],
            "frameRate": 24,
            "frameIndices": []
        },
        {
            "name": "singUP",
            "prefix": "garcello Sing Note UP",
            "offsets": [
                -9,
                20
            ],
            "frameRate": 24,
            "frameIndices": []
        }
    ],
    "flipX": false
}