{
    "version": "1.0.0",
    "name": "Hex Animal",
    "assetPath": "Animal/characters/hex",
    "singTime": 6.1,
    "isPixel": false,
    "scale": 1,
    "healthIcon": {
        "id": "hex",
        "isPixel": false,
        "flipX": false,
        "scale": 1
    },
    "animations": [
        {
            "name": "singRIGHT-alt",
            "prefix": "Dad Sing Note LEFT0",
            "offsets": [
                -55,
                -5
            ],
            "frameRate": 24,
            "frameIndices": []
        },
        {
            "name": "singDOWN",
            "prefix": "Dad Sing Note DOWN",
            "offsets": [
                0,
                -40
            ],
            "frameRate": 24,
            "frameIndices": []
        },
        {
            "name": "singUP",
            "prefix": "Dad Sing Note UP",
            "offsets": [
                -45,
                40
            ],
            "frameRate": 24,
            "frameIndices": []
        },
        {
            "name": "singLEFT-alt",
            "prefix": "Dad Sing Note RIGHT0",
            "offsets": [
                16,
                1
            ],
            "frameRate": 24,
            "frameIndices": []
        },
        {
            "name": "idle",
            "prefix": "Dad idle dance",
            "offsets": [
                0,
                0
            ],
            "frameRate": 24,
            "frameIndices": []
        },
        {
            "name": "singLEFT",
            "prefix": "Dad Sing Note RIGHT Purple0",
            "offsets": [
                40,
                20
            ],
            "frameRate": 24,
            "frameIndices": []
        },
        {
            "name": "singRIGHT",
            "prefix": "Dad Sing Note LEFT Red0",
            "offsets": [
                -55,
                -5
            ],
            "frameRate": 24,
            "frameIndices": []
        },
        {
            "name": "singUP-alt",
            "prefix": "Dad Jump",
            "offsets": [
                0,
                200
            ],
            "frameRate": 24,
            "frameIndices": []
        }
    ],
    "flipX": false
}