{
    "version": "1.0.0",
    "name": "Kapi Animal",
    "assetPath": "Animal/characters/KAPI_PLAYER",
    "singTime": 6.1,
    "cameraOffsets": [0,55],
    "offsets": [0],
    "isPixel": false,
    "scale": 1,
    "healthIcon": {
        "id": "kapi",
        "isPixel": false,
        "flipX": false,
        "scale": 1
    },
    "animations": [
        {
            "name": "singRIGHT",
            "prefix": "Dad Sing Note LEFT",
            "offsets": [
                10,
                10
            ],
            "frameRate": 24,
            "frameIndices": []
        },
        {
            "name": "singDOWN",
            "prefix": "Dad Sing Note DOWN",
            "offsets": [
                0,
                -178
            ],
            "frameRate": 24,
            "frameIndices": []
        },
        {
            "name": "singUP",
            "prefix": "Dad Sing Note UP",
            "offsets": [
                0,
                -22
            ],
            "frameRate": 24,
            "frameIndices": []
        },
        {
            "name": "singLEFT",
            "prefix": "Dad Sing Note RIGHT",
            "offsets": [
                7,
                -35
            ],
            "frameRate": 24,
            "frameIndices": []
        },
        {
            "name": "idle",
            "prefix": "Dad idle dance",
            "offsets": [
                0,
                -43
            ],
            "frameRate": 24,
            "frameIndices": []
        }
    ],
    "flipX": false
}