{
    "version": "1.0.0",
    "name": "Liz Animal",
    "assetPath": "Animal/characters/Liz_assets",
    "singTime": 4,
            "offsets": [
                -50,
                -130
            ],
    "cameraOffsets": [0,-20],

    "isPixel": false,
    "scale": 1,
    "healthIcon": {
        "id": "liz",
        "isPixel": false,
        "flipX": false,
        "scale": 1
    },
    "animations": [
        {
            "name": "singLEFT",
            "prefix": "liz left pose",
            "offsets": [
                65,
                -165
            ],
            "frameRate": 24,
            "frameIndices": []
        },
        {
            "name": "singRIGHT",
            "prefix": "liz right pose",
            "offsets": [
                -41,
                -189
            ],
            "frameRate": 24,
            "frameIndices": []
        },
        {
            "name": "singDOWN",
            "prefix": "liz down pose",
            "offsets": [
                40,
                -170
            ],
            "frameRate": 24,
            "frameIndices": []
        },
        {
            "name": "singUP",
            "prefix": "liz up pose",
            "offsets": [
                45,
                -188
            ],
            "frameRate": 24,
            "frameIndices": []
        },
        {
            "name": "idle",
            "prefix": "liz idle",
            "offsets": [
                20,
                -160
            ],
            "frameRate": 24,
            "frameIndices": []
        }
    ],
    "flipX": false
}