{
    "version": "1.0.0",
    "name": "Matt Animal",
    "assetPath": "Animal/characters/matt_assets_player",
    "singTime": 4,
    "isPixel": false,
    "scale": 1,
    "healthIcon": {
        "id": "matt",
        "isPixel": false,
        "flipX": false,
        "scale": 1
    },
    "animations": [
        {
            "name": "idle",
            "prefix": "matt idle",
            "offsets": [
                -5,
                0
            ],
            "frameRate": 24,
            "frameIndices": []
        },
        {
            "name": "singRIGHT",
            "prefix": "matt left note",
            "offsets": [
                10,
                -40
            ],
            "frameRate": 24,
            "frameIndices": []
        },
        {
            "name": "singDOWN",
            "prefix": "matt down note",
            "offsets": [
                -10,
                -25
            ],
            "frameRate": 24,
            "frameIndices": []
        },
        {
            "name": "singUP",
            "prefix": "matt up note",
            "offsets": [
                -10,
                15
            ],
            "frameRate": 24,
            "frameIndices": []
        },
        {
            "name": "singLEFT",
            "prefix": "matt right note",
            "offsets": [
                20,
                -25
            ],
            "frameRate": 24,
            "frameIndices": []
        }
    ],
    "flipX": false
}