{
    "version": "1.0.0",
    "name": "Mom Animal",
    "assetPath": "Animal/characters/MomPlayer",
    "singTime": 4,
    "offsets": [
         0,
         60
    ],
    "isPixel": false,
    "scale": 1,
    "healthIcon": {
        "id": "mom",
        "isPixel": false,
        "flipX": false,
        "scale": 1
    },
    "animations": [
        {
            "name": "idle",
            "prefix": "Mom Idle",
            "offsets": [
                0,
                0
            ],
            "frameRate": 24,
            "frameIndices": []
        },
        {
            "name": "singLEFT",
            "prefix": "Mom Left Pose",
            "offsets": [
                250,
                -23
            ],
            "frameRate": 24,
            "frameIndices": []
        },
        {
            "name": "singRIGHT",
            "prefix": "Mom Pose Left",
            "offsets": [
                20,
                -60
            ],
            "frameRate": 24,
            "frameIndices": []
        },
        {
            "name": "singDOWN",
            "prefix": "MOM DOWN POSE",
            "offsets": [
                10,
                -180
            ],
            "frameRate": 24,
            "frameIndices": []
        },
        {
            "name": "singUP",
            "prefix": "Mom Up Pose",
            "offsets": [
                14,
                71
            ],
            "frameRate": 24,
            "frameIndices": []
        }
    ],
    "flipX": false
}