{
    "version": "1.0.0",
    "name": "Monika Animal",
    "assetPath": "Animal/characters/monika",
     "offsets": [0, 20],
    "singTime": 4,
        "cameraOffsets": [0,220],
    "isPixel": true,
    "scale": 6,
    "healthIcon": {
        "id": "monika",
        "isPixel": false,
        "flipX": false,
        "scale": 1
    },
    "animations": [
        {
            "name": "idle",
            "prefix": "Senpai Idle",
            "offsets": [
                1,
                0
            ],
            "frameRate": 24,
            "frameIndices": []
        },
        {
            "name": "singUP",
            "prefix": "SENPAI UP NOTE",
            "offsets": [
                5,
                0
            ],
            "frameRate": 24,
            "frameIndices": []
        },
        {
            "name": "singLEFT",
            "prefix": "SENPAI RIGHT NOTE",
            "offsets": [
                0,
                0
            ],
            "frameRate": 24,
            "frameIndices": []
        },
        {
            "name": "singRIGHT",
            "prefix": "SENPAI LEFT NOTE",
            "offsets": [
                0,
                0
            ],
            "frameRate": 24,
            "frameIndices": []
        },
        {
            "name": "singDOWN",
            "prefix": "SENPAI DOWN NOTE",
            "offsets": [
                14,
                0
            ],
            "frameRate": 24,
            "frameIndices": []
        }
    ],
    "flipX": false
}