{
    "version": "1.0.0",
    "name": "Monster Animal",
    "assetPath": "characters/Monster_Assets",
    "singTime": 4,
    "cameraOffsets": [0,-80],
                "offsets": [
                -40,
                0
            ],
    "isPixel": false,
    "scale": 1,
    "healthIcon": {
        "id": "monster",
        "isPixel": false,
        "flipX": false,
        "scale": 1
    },
    "animations": [
        {
            "name": "idle",
            "prefix": "monster idle",
            "offsets": [
                3,
                0
            ],
            "frameRate": 24,
            "frameIndices": []
        },
        {
            "name": "singUP",
            "prefix": "monster up note",
            "offsets": [
                -20,
                94
            ],
            "frameRate": 24,
            "frameIndices": []
        },
        {
            "name": "singLEFT",
            "prefix": "Monster left note",
            "offsets": [
                -30,
                20
            ],
            "frameRate": 24,
            "frameIndices": []
        },
        {
            "name": "singRIGHT",
            "prefix": "Monster Right note",
            "offsets": [
                -51,
                30
            ],
            "frameRate": 24,
            "frameIndices": []
        },
        {
            "name": "singDOWN",
            "prefix": "monster down",
            "offsets": [
                -50,
                -80
            ],
            "frameRate": 24,
            "frameIndices": []
        },
        {
            "name": "idle-loop",
            "prefix": "monster idle",
            "offsets": [
                3,
                0
            ],
            "frameRate": 24,
            "frameIndices": [
                12,
                13,
                14
            ]
        },
        {
            "name": "singLEFT-loop",
            "prefix": "Monster left note",
            "offsets": [
                -30,
                20
            ],
            "frameRate": 24,
            "frameIndices": [
                17,
                18,
                19
            ]
        },
        {
            "name": "singUP-loop",
            "prefix": "monster up note",
            "offsets": [
                0,
                0
            ],
            "frameRate": 24,
            "frameIndices": [
                21,
                22,
                23
            ]
        },
        {
            "name": "singRIGHT-loop",
            "prefix": "Monster Right note",
            "offsets": [
                -51,
                30
            ],
            "frameRate": 24,
            "frameIndices": [
                12,
                13,
                14
            ]
        },
        {
            "name": "singDOWN-loop",
            "prefix": "monster down",
            "offsets": [
                -50,
                -80
            ],
            "frameRate": 24,
            "frameIndices": [
                27,
                28,
                29
            ]
        }
    ],
    "flipX": false
}