{
    "version": "1.0.0",
    "name": "Pico Animal",
    "assetPath": "characters/Pico_Basic",
    "singTime": 4,
    "cameraOffsets": [0,-80],
     "offsets": [-30, -30],
    "isPixel": false,
    "scale": 1,
    "healthIcon": {
        "id": "pico",
        "isPixel": false,
        "flipX": false,
        "scale": 1
    },
 "animations": [
    {
      "name": "idle",
      "prefix": "Pico Idle Dance",
      "offsets": [0, 0]
    },
    {
      "name": "singRIGHT",
      "prefix": "Pico NOTE LEFT0",
      "offsets": [-86, -10]
    },
    {
      "name": "singDOWN",
      "prefix": "Pico Down Note0",
      "offsets": [-37, -82]
    },
    {
      "name": "singUP",
      "prefix": "pico Up note0",
      "offsets": [-32, 28]
    },
    {
      "name": "singLEFT",
      "prefix": "Pico Note Right0",
      "offsets": [61, 2]
    }
  ],
    "flipX": true
}
