{
    "version": "1.0.0",
    "name": "Playablegf Animal",
    "assetPath": "Animal/characters/playableGF",
    "singTime": 4,
    "isPixel": false,
            "offsets": [
                0,
                50
            ],
    "scale": 1,
    "healthIcon": {
        "id": "gfplayable",
        "isPixel": false,
        "flipX": false,
        "scale": 1
    },
    "animations": [
        {
            "name": "idle",
            "prefix": "BF idle dance",
            "offsets": [
                -5,
                10
            ],
            "frameRate": 24,
            "frameIndices": []
        },
        {
            "name": "singLEFT",
            "prefix": "BF NOTE LEFT0",
            "offsets": [
                0,
                -10
            ],
            "frameRate": 24,
            "frameIndices": []
        },
        {
            "name": "singDOWN",
            "prefix": "BF NOTE DOWN0",
            "offsets": [
                -5,
                -50
            ],
            "frameRate": 24,
            "frameIndices": []
        },
        {
            "name": "singUP",
            "prefix": "BF NOTE UP0",
            "offsets": [
                -41,
                15
            ],
            "frameRate": 24,
            "frameIndices": []
        },
        {
            "name": "singRIGHT",
            "prefix": "BF NOTE RIGHT0",
            "offsets": [
                -80,
                -5
            ],
            "frameRate": 24,
            "frameIndices": []
        },
        {
            "name": "singLEFTmiss",
            "prefix": "BF NOTE LEFT MISS",
            "offsets": [
                0,
                15
            ],
            "frameRate": 24,
            "frameIndices": []
        },
        {
            "name": "singDOWNmiss",
            "prefix": "BF NOTE DOWN MISS",
            "offsets": [
                -10,
                15
            ],
            "frameRate": 24,
            "frameIndices": []
        },
        {
            "name": "singUPmiss",
            "prefix": "BF NOTE UP MISS",
            "offsets": [
                -42,
                11
            ],
            "frameRate": 24,
            "frameIndices": []
        },
        {
            "name": "singRIGHTmiss",
            "prefix": "BF NOTE RIGHT MISS",
            "offsets": [
                -105,
                14
            ],
            "frameRate": 24,
            "frameIndices": []
        }
    ],
    "flipX": true
}