{
    "version": "1.0.0",
    "name": "Ruv Animal",
    "assetPath": "Animal/characters/ruv_sheet",
    "singTime": 4,
    "isPixel": false,
            "offsets": [
                0,
                40
            ],
    "scale": 1,
    "healthIcon": {
        "id": "ruv",
        "isPixel": false,
        "flipX": false,
        "scale": 1
    },
    "animations": [
        {
            "name": "idle",
            "prefix": "RuvIdle",
            "offsets": [
                0,
                20
            ],
            "frameRate": 15,
            "frameIndices": [
                0,
                1,
                2,
                3,
                4,
                5,
                8,
                10,
                11
            ]
        },
        {
            "name": "singUP",
            "prefix": "RuvUp",
            "offsets": [
                100,
                14
            ],
            "frameRate": 24,
            "frameIndices": []
        },
        {
            "name": "singRIGHT",
            "prefix": "RuvLeft",
            "offsets": [
                70,
                -40
            ],
            "frameRate": 24,
            "frameIndices": []
        },
        {
            "name": "singLEFT",
            "prefix": "RuvRight",
            "offsets": [
                79,
                20
            ],
            "frameRate": 24,
            "frameIndices": []
        },
        {
            "name": "singDOWN",
            "prefix": "RuvDown",
            "offsets": [
                111,
                21
            ],
            "frameRate": 24,
            "frameIndices": []
        }
    ],
    "flipX": false
}