{
    "version": "1.0.0",
    "name": "Sans Animal",
    "assetPath": "Animal/characters/sans",
    "singTime": 4,
    "isPixel": false,
    "scale": 1,
    "healthIcon": {
        "id": "sans",
        "isPixel": false,
        "flipX": false,
        "scale": 1
    },
    "animations": [
        {
            "name": "singLEFT",
            "prefix": "BF NOTE LEFT0",
            "offsets": [
                25,
                -16
            ],
            "frameRate": 24,
            "frameIndices": []
        },
        {
            "name": "singDOWN",
            "prefix": "BF NOTE DOWN0",
            "offsets": [
                -30,
                9
            ],
            "frameRate": 24,
            "frameIndices": []
        },
        {
            "name": "singUP",
            "prefix": "BF NOTE UP0",
            "offsets": [
                -46,
                42
            ],
            "frameRate": 24,
            "frameIndices": []
        },
        {
            "name": "singRIGHT",
            "prefix": "BF NOTE RIGHT0",
            "offsets": [
                -35,
                43
            ],
            "frameRate": 24,
            "frameIndices": []
        },
        {
            "name": "singLEFTmiss",
            "prefix": "BF NOTE LEFT MISS",
            "offsets": [
                30,
                -14
            ],
            "frameRate": 24,
            "frameIndices": []
        },
        {
            "name": "singDOWNmiss",
            "prefix": "BF NOTE DOWN MISS",
            "offsets": [
                -15,
                11
            ],
            "frameRate": 24,
            "frameIndices": []
        },
        {
            "name": "singUPmiss",
            "prefix": "BF NOTE UP MISS",
            "offsets": [
                -51,
                42
            ],
            "frameRate": 24,
            "frameIndices": []
        },
        {
            "name": "singRIGHTmiss",
            "prefix": "BF NOTE RIGHT MISS",
            "offsets": [
                -29,
                42
            ],
            "frameRate": 24,
            "frameIndices": []
        },
        {
            "name": "idle",
            "prefix": "BF idle dance",
            "offsets": [
                -5,
                0
            ],
            "frameRate": 24,
            "frameIndices": []
        }
    ],
    "flipX": true
}