{
    "version": "1.0.0",
    "name": "Selever Animal",
    "assetPath": "Animal/characters/selever",
    "singTime": 4,
    "cameraOffsets": [0,-40],
    "isPixel": false,
    "scale": 1,
"offsets": [
                -30,
                0
            ],
    "healthIcon": {
        "id": "selever",
        "isPixel": false,
        "flipX": false,
        "scale": 1
    },
    "animations": [
        {
            "name": "idle",
            "prefix": "SelIdle",
            "offsets": [
                -9,
                2
            ],
            "frameRate": 24,
            "frameIndices": []
        },
        {
            "name": "singUP",
            "prefix": "SelUp",
            "offsets": [
                80,
                70
            ],
            "frameRate": 24,
            "frameIndices": []
        },
        {
            "name": "singLEFT",
            "prefix": "SelLeft",
            "offsets": [
                -55,
                0
            ],
            "frameRate": 24,
            "frameIndices": []
        },
        {
            "name": "singRIGHT",
            "prefix": "SelRight",
            "offsets": [
                -10,
                23
            ],
            "frameRate": 24,
            "frameIndices": []
        },
        {
            "name": "singDOWN",
            "prefix": "SelDown",
            "offsets": [
                0,
                -53
            ],
            "frameRate": 24,
            "frameIndices": []
        },
        {
            "name": "hey",
            "prefix": "SelHey",
            "offsets": [
                -5,
                22
            ],
            "frameRate": 24,
            "frameIndices": []
        }
    ],
    "flipX": false
}