{
    "version": "1.0.0",
    "name": "Senpaiangry Animal",
    "assetPath": "Animal/characters/HD_SENPAIANGRY",
    "singTime": 6.1,
                "offsets": [
                -40,
                -30
            ],
    "isPixel": false,
    "cameraOffsets": [0,-120],
    "scale": 1,
    "healthIcon": {
        "id": "senpaihd",
        "isPixel": false,
        "flipX": false,
        "scale": 1
    },
    "animations": [
        {
            "name": "singLEFT",
            "prefix": "Dad Sing Note LEFT",
            "offsets": [
                -35,
                10
            ],
            "frameRate": 24,
            "frameIndices": []
        },
        {
            "name": "singDOWN",
            "prefix": "Dad Sing Note DOWN",
            "offsets": [
                -18,
                -32
            ],
            "frameRate": 24,
            "frameIndices": []
        },
        {
            "name": "singUP",
            "prefix": "Dad Sing Note UP",
            "offsets": [
                -16,
                60
            ],
            "frameRate": 24,
            "frameIndices": []
        },
        {
            "name": "singRIGHT",
            "prefix": "Dad Sing Note RIGHT",
            "offsets": [
                -14,
                32
            ],
            "frameRate": 24,
            "frameIndices": []
        },
        {
            "name": "singRIGHT-alt",
            "prefix": "Dad UGH",
            "offsets": [
                -35,
                10
            ],
            "frameRate": 24,
            "frameIndices": []
        },
        {
            "name": "idle",
            "prefix": "Dad idle dance",
            "offsets": [
                0,
                0
            ],
            "frameRate": 24,
            "frameIndices": []
        }
    ],
    "flipX": false
}