{
    "version": "1.0.0",
    "name": "Skyangry Animal",
    "assetPath": "Animal/characters/sky_angry_player",
    "singTime": 6.1,
    "isPixel": false,
    "scale": 1,
    "healthIcon": {
        "id": "sky",
        "isPixel": false,
        "flipX": false,
        "scale": 1
    },
    "animations": [
        {
            "name": "singRIGHT",
            "prefix": "sky annoyed left",
            "offsets": [
                -38,
                -13
            ],
            "frameRate": 24,
            "frameIndices": []
        },
        {
            "name": "singUP",
            "prefix": "sky annoyed up",
            "offsets": [
                -10,
                14
            ],
            "frameRate": 24,
            "frameIndices": []
        },
        {
            "name": "singLEFT",
            "prefix": "sky annoyed right",
            "offsets": [
                39,
                -13
            ],
            "frameRate": 24,
            "frameIndices": []
        },
        {
            "name": "singDOWN",
            "prefix": "sky annoyed down",
            "offsets": [
                -9,
                -42
            ],
            "frameRate": 24,
            "frameIndices": []
        },
        {
            "name": "danceLeft",
            "prefix": "sky annoyed idle",
            "offsets": [
                0,
                -3
            ],
            "frameRate": 24,
            "frameIndices": [
                0,
                1,
                2,
                3,
                4,
                5,
                6,
                7
            ]
        },
        {
            "name": "danceRight",
            "prefix": "sky annoyed idle",
            "offsets": [
                21,
                -3
            ],
            "frameRate": 24,
            "frameIndices": [
                8,
                9,
                10,
                11,
                12,
                13,
                14,
                15
            ]
        },
        {
            "name": "singUP-alt",
            "prefix": "sky annoyed ugh",
            "offsets": [
                -10,
                19
            ],
            "frameRate": 24,
            "frameIndices": []
        }
    ],
    "flipX": false
}