{
    "version": "1.0.0",
    "name": "Speakers Animal",
    "assetPath": "Animal/characters/Speakers",
    "singTime": 4,
    "isPixel": false,
    "scale": 1,
    "healthIcon": {
        "id": "nocharacter",
        "isPixel": false,
        "flipX": false,
        "scale": 1
    },
    "animations": [
        {
            "name": "danceLeft",
            "prefix": "GF Dancing Beat",
            "offsets": [
                0,
                -3
            ],
            "frameRate": 24,
            "frameIndices": [
                0,
                1,
                2,
                3,
                4,
                5,
                6,
                7,
                8,
                9,
                10,
                11,
                12,
                13,
                14
            ]
        },
        {
            "name": "danceRight",
            "prefix": "GF Dancing Beat",
            "offsets": [
                0,
                -3
            ],
            "frameRate": 24,
            "frameIndices": [
                0,
                1,
                2,
                3,
                4,
                5,
                6,
                7,
                8,
                9,
                10,
                11,
                12,
                13,
                14
            ]
        }
    ],
    "flipX": false
}