{
    "version": "1.0.0",
    "name": "Spooky Animal",
    "assetPath": "Animal/characters/SpookyKidsPlayer",
    "singTime": 4,
    "cameraOffsets": [0,40],
    "isPixel": false,
    "scale": 1,
    "healthIcon": {
        "id": "spooky",
        "isPixel": false,
        "flipX": false,
        "scale": 1
    },
    "animations": [
        {
            "name": "hey",
            "prefix": "spooky kids YEAH!!",
            "offsets": [
                99,
                -20
            ],
            "frameRate": 24,
            "frameIndices": []
        },
        {
            "name": "singDOWN",
            "prefix": "spooky DOWN note",
            "offsets": [
                -10,
                -145
            ],
            "frameRate": 24,
            "frameIndices": []
        },
        {
            "name": "singUP",
            "prefix": "spooky UP NOTE",
            "offsets": [
                -58,
                24
            ],
            "frameRate": 24,
            "frameIndices": []
        },
        {
            "name": "singRIGHT",
            "prefix": "note sing left",
            "offsets": [
                -40,
                -14
            ],
            "frameRate": 24,
            "frameIndices": []
        },
        {
            "name": "singLEFT",
            "prefix": "spooky sing right",
            "offsets": [
                100,
                -10
            ],
            "frameRate": 24,
            "frameIndices": []
        },
        {
            "name": "singUPmiss",
            "prefix": "spooky UPNOTE MISS",
            "offsets": [
                0,
                25
            ],
            "frameRate": 24,
            "frameIndices": []
        },
        {
            "name": "singDOWNmiss",
            "prefix": "spooky DOWNnote MISS",
            "offsets": [
                0,
                -145
            ],
            "frameRate": 24,
            "frameIndices": []
        },
        {
            "name": "singRIGHTmiss",
            "prefix": "note singleft MISS",
            "offsets": [
                -41,
                -17
            ],
            "frameRate": 24,
            "frameIndices": []
        },
        {
            "name": "singLEFTmiss",
            "prefix": "spooky singright MISS",
            "offsets": [
                102,
                -11
            ],
            "frameRate": 24,
            "frameIndices": []
        },
        {
            "name": "danceRight",
            "prefix": "spooky dance idle",
            "offsets": [
                0,
                0
            ],
            "frameRate": 12,
            "frameIndices": [
                0,
                2,
                6
            ]
        },
        {
            "name": "danceLeft",
            "prefix": "spooky dance idle",
            "offsets": [
                0,
                0
            ],
            "frameRate": 12,
            "frameIndices": [
                8,
                10,
                12,
                14
            ]
        },
        {
            "name": "idle",
            "prefix": "spooky dance idle",
            "offsets": [
                0,
                0
            ],
            "frameRate": 12,
            "frameIndices": [
                0,
                2,
                6,
                8,
                10,
                12,
                14
            ]
        }
    ],
    "flipX": false
}