{
    "version": "1.0.0",
    "name": "Tabi Animal",
    "assetPath": "Animal/characters/TABI",
    "singTime": 6.1,
    "isPixel": false,
    "scale": 1,
    "healthIcon": {
        "id": "tabi",
        "isPixel": false,
        "flipX": false,
        "scale": 1
    },
    "animations": [
        {
            "name": "singLEFT",
            "prefix": "Dad Sing Note RIGHT",
            "offsets": [
                48,
                55
            ],
            "frameRate": 24,
            "frameIndices": []
        },
        {
            "name": "singDOWN",
            "prefix": "Dad Sing Note DOWN",
            "offsets": [
                -4,
                -78
            ],
            "frameRate": 24,
            "frameIndices": []
        },
        {
            "name": "singUP",
            "prefix": "Dad Sing Note UP",
            "offsets": [
                13,
                90
            ],
            "frameRate": 24,
            "frameIndices": []
        },
        {
            "name": "singRIGHT",
            "prefix": "Dad Sing Note LEFT",
            "offsets": [
                -1,
                8
            ],
            "frameRate": 24,
            "frameIndices": []
        },
        {
            "name": "idle",
            "prefix": "Dad idle dance",
            "offsets": [
                0,
                40
            ],
            "frameRate": 24,
            "frameIndices": []
        }
  ],
  "offsets": [
    9,
    50
  ],
  "cameraOffsets": [
    0,
    -100
  ]
}