{
    "version": "1.0.0",
    "name": "Tom Animal",
    "assetPath": "Animal/characters/tom_assets",
    "singTime": 6.1,
    "isPixel": false,
    "scale": 1,
    "healthIcon": {
        "id": "tom",
        "isPixel": false,
        "flipX": false,
        "scale": 1
    },
    "animations": [
        {
            "name": "idle",
            "prefix": "tord idle",
            "offsets": [
                0,
                25
            ],
            "frameRate": 24,
            "frameIndices": []
        },
        {
            "name": "singRIGHT",
            "prefix": "tord left",
            "offsets": [
                2,
                7
            ],
            "frameRate": 24,
            "frameIndices": []
        },
        {
            "name": "singDOWN",
            "prefix": "tord down",
            "offsets": [
                31,
                3
            ],
            "frameRate": 24,
            "frameIndices": []
        },
        {
            "name": "singUP",
            "prefix": "tord up",
            "offsets": [
                20,
                48
            ],
            "frameRate": 24,
            "frameIndices": []
        },
        {
            "name": "singLEFT",
            "prefix": "tord right",
            "offsets": [
                65,
                11
            ],
            "frameRate": 24,
            "frameIndices": []
        },
        {
            "name": "singRIGHT-alt",
            "prefix": "tord ugh",
            "offsets": [
                6,
                103
            ],
            "frameRate": 24,
            "frameIndices": []
        }
    ],
    "flipX": false
}