{
    "version": "1.0.0",
    "name": "Tord Animal",
    "assetPath": "Animal/characters/tord_assets",
    "singTime": 6.1,
    "isPixel": false,
    "scale": 1,
    "healthIcon": {
        "id": "tord",
        "isPixel": false,
        "flipX": false,
        "scale": 1
    },
    "animations": [
        {
            "name": "idle",
            "prefix": "tord idle",
            "offsets": [
                0,
                0
            ],
            "frameRate": 24,
            "frameIndices": []
        },
        {
            "name": "singDOWN",
            "prefix": "tord down",
            "offsets": [
                -3,
                -20
            ],
            "frameRate": 24,
            "frameIndices": []
        },
        {
            "name": "singUP",
            "prefix": "tord up",
            "offsets": [
                10,
                25
            ],
            "frameRate": 24,
            "frameIndices": []
        },
        {
            "name": "singRIGHT",
            "prefix": "tord right",
            "offsets": [
                -30,
                -10
            ],
            "frameRate": 24,
            "frameIndices": []
        },
        {
            "name": "singLEFT",
            "prefix": "tord left",
            "offsets": [
                25,
                -17
            ],
            "frameRate": 24,
            "frameIndices": []
        }
  ],
  "offsets": [
    -60,
    -30
  ],
  "cameraOffsets": [
    0,
    -155
  ]
}