{
    "version": "1.0.0",
    "name": "Whitty Animal",
    "assetPath": "Animal/characters/WhittySprites",
    "singTime": 4,
    "cameraOffsets": [0,-340],
    "offsets": [50,155],
    "isPixel": false,
    "scale": 1,
    "healthIcon": {
        "id": "whitty",
        "isPixel": false,
        "flipX": false,
        "scale": 1
    },
    "animations": [
        {
            "name": "idle",
            "prefix": "Idle",
            "offsets": [
                181,
                412
            ],
            "frameRate": 24,
            "frameIndices": []
        },
        {
            "name": "singDOWN",
            "prefix": "Sing Down",
            "offsets": [
                164,
                351
            ],
            "frameRate": 24,
            "frameIndices": []
        },
        {
            "name": "singLEFT",
            "prefix": "Sing Left",
            "offsets": [
                212,
                391
            ],
            "frameRate": 24,
            "frameIndices": []
        },
        {
            "name": "singRIGHT",
            "prefix": "Sing Right",
            "offsets": [
                171,
                437
            ],
            "frameRate": 24,
            "frameIndices": []
        },
        {
            "name": "singUP",
            "prefix": "Sing Up",
            "offsets": [
                169,
                458
            ],
            "frameRate": 24,
            "frameIndices": []
        }
    ],
    "flipX": false
}